Brand,Model,Announced,Status,8GB configurations,All RAM options (GB),Chipset,Display,Network,3.5mm jack,India price INR (8GB variant),GSMArena URL
Acer,Acer Super ZX,"2025, May 26",Available,128GB 8GB RAM,4/6/8,Mediatek Dimensity 6300 (6 nm),6.78 inches,GSM / HSPA / LTE / 5G,Yes,,https://www.gsmarena.com/acer_super_zx_5g-13796.php
alcatel,alcatel V3 Pro,"2025, May 27",Available,256GB 8GB RAM,8,Mediatek Dimensity 6300 (6 nm),6.67 inches,GSM / HSPA / LTE / 5G,Yes,,https://www.gsmarena.com/alcatel_v3_pro_5g-13893.php
alcatel,alcatel V3 Ultra,"2025, May 27",Available,128GB 8GB RAM,6/8,Mediatek Dimensity 6300 (6 nm),6.8 inches,GSM / HSPA / LTE / 5G,Yes,,https://www.gsmarena.com/alcatel_v3_ultra_5g-13885.php
Asus,Asus Zenfone 10,"2023, June 29",Available,"128GB 8GB RAM, 256GB 8GB RAM",8/16,Qualcomm SM8550-AB Snapdragon 8 Gen 2 (4 nm),5.92 inches,GSM / HSPA / LTE / 5G,Yes,,https://www.gsmarena.com/asus_zenfone_10-12380.php
Asus,Asus ROG Phone 6,"2022, July 05",Available,128GB 8GB RAM,8/12/16,Qualcomm SM8475 Snapdragon 8+ Gen 1 (4 nm),6.78 inches,GSM / CDMA / HSPA / LTE / 5G,Yes,,https://www.gsmarena.com/asus_rog_phone_6-11647.php
Asus,Asus Zenfone 9,"2022, July 28",Available,"128GB 8GB RAM, 256GB 8GB RAM",6/8/16,Qualcomm SM8475 Snapdragon 8+ Gen 1 (4 nm),5.9 inches,GSM / HSPA / LTE / 5G,Yes,,https://www.gsmarena.com/asus_zenfone_9-11656.php
Asus,Asus ROG Phone 5,"2021, March 10",Available,128GB 8GB RAM,8/12/16,Qualcomm SM8350 Snapdragon 888 5G (5 nm),6.78 inches,GSM / HSPA / LTE / 5G,Yes,,https://www.gsmarena.com/asus_rog_phone_5-10715.php
Asus,Asus ROG Phone 5s,"2021, August 16",Available,"128GB 8GB RAM, 512GB 18GB RAM",8/12/16/18,Qualcomm SM8350 Snapdragon 888+ 5G (5 nm),6.78 inches,GSM / HSPA / LTE / 5G,Yes,,https://www.gsmarena.com/asus_rog_phone_5s-11054.php
Asus,Asus Zenfone 8,"2021, May 12",Available,"128GB 8GB RAM, 256GB 8GB RAM",6/8/12/16,Qualcomm SM8350 Snapdragon 888 5G (5 nm),5.9 inches,GSM / HSPA / LTE / 5G,Yes,,https://www.gsmarena.com/asus_zenfone_8-10893.php
Blackview,Blackview BL7000 Pro,"2026, June",Available,"256GB 8GB RAM, 512GB 8GB RAM",8,Mediatek Dimensity 6300 (6 nm),6.78 inches,GSM / CDMA / HSPA / LTE / 5G,Yes,,https://www.gsmarena.com/blackview_bl7000_pro_5g-14852.php
Blackview,Blackview Shark 6,"2025, September",Available,128GB 8GB RAM,4/8,Unisoc T8100 (6 nm),6.88 inches,GSM / HSPA / LTE / 5G,Yes,,https://www.gsmarena.com/blackview_shark_6_5g-14153.php
Blackview,Blackview Shark 9,"2024, October",Available,256GB 8GB RAM,8,Unisoc T820,6.67 inches,GSM / HSPA / LTE / 5G,Yes,,https://www.gsmarena.com/blackview_shark_9-13453.php
BLU,BLU F91,"2022, April 20. Released 2022, April 20",Discontinued,128GB 8GB RAM,8,Mediatek Dimensity 810 (6 nm),6.8 inches,GSM / HSPA / LTE / 5G,Yes,,https://www.gsmarena.com/blu_f91-11483.php
Coolpad,Coolpad Cool 20s,"2022, June 14",Available,256GB 8GB RAM,6/8,Mediatek Dimensity 700 (7 nm),6.58 inches,GSM / CDMA / HSPA / EVDO / LTE / 5G,Yes,,https://www.gsmarena.com/coolpad_cool_20s-11615.php
Coolpad,Coolpad Cool 20 Pro,"2021, December 02. Released 2021, December 02",Discontinued,128GB 8GB RAM,6/8,Mediatek Dimensity 900 (6 nm),6.58 inches,GSM / CDMA / HSPA / CDMA2000 / LTE / 5G,Yes,,https://www.gsmarena.com/coolpad_cool_20_pro-11256.php
HMD,HMD Crest Max,"2024, July 25",Available,256GB 8GB RAM,8,Unisoc T760 (6 nm),6.67 inches,GSM / HSPA / LTE / 5G,Yes,,https://www.gsmarena.com/hmd_crest_max-13235.php
HMD,HMD Fusion,"2024, September 05",Available,256GB 8GB RAM,4/6/8/12,Qualcomm SM4450 Snapdragon 4 Gen 2 (4 nm),6.56 inches,GSM / HSPA / LTE / 5G,Yes,,https://www.gsmarena.com/hmd_fusion-13304.php
Honor,Honor 500 Smart,"2026, April 09",Available,256GB 8GB RAM,8,Mediatek Dimensity 6300 (6 nm),6.75 inches,GSM / HSPA / LTE / 5G,Yes,26990,https://www.gsmarena.com/honor_500_smart_5g-14689.php
Honor,Honor Play 80,"2026, April 01",Available,256GB 8GB RAM,4/6/8,Mediatek Dimensity 6300 (6 nm),6.75 inches,GSM / HSPA / LTE / 5G,Yes,,https://www.gsmarena.com/honor_play_80_5g-14578.php
Honor,Honor 400 Smart,"2025, August 07",Available,256GB 8GB RAM,4/6/8,Qualcomm SM6375 Snapdragon 6s Gen 3 (6 nm),6.77 inches,GSM / HSPA / LTE / 5G,Yes,30000,https://www.gsmarena.com/honor_400_smart_5g-14054.php
Honor,Honor Play 60,"2025, April 03",Available,256GB 8GB RAM,6/8/12,Mediatek Dimensity 6300 (6 nm),6.61 inches,GSM / CDMA / HSPA / CDMA2000 / LTE / 5G,Yes,,https://www.gsmarena.com/honor_play_60_5g-13803.php
Honor,Honor Play10C,"2025, August 08",Available,256GB 8GB RAM,4/6/8,Mediatek Dimensity 6300 (6 nm),6.61 inches,GSM / CDMA / HSPA / CDMA2000 / LTE / 5G,Yes,,https://www.gsmarena.com/honor_play10c_5g-14060.php
Honor,Honor X7c,"2025, August 18",Available,256GB 8GB RAM,4/8,Qualcomm SM4450 Snapdragon 4 Gen 2 (4 nm),6.8 inches,GSM / HSPA / LTE / 5G,Yes,,https://www.gsmarena.com/honor_x7c_5g-14065.php
Honor,Honor 200 Smart,"2024, September 17",Available,256GB 8GB RAM,4/8,Qualcomm SM4450 Snapdragon 4 Gen 2 (4 nm),6.8 inches,GSM / HSPA / LTE / 5G,Yes,,https://www.gsmarena.com/honor_200_smart-13281.php
Honor,Honor Play 60 Plus,"2024, June 24",Available,256GB 8GB RAM,8/12,Qualcomm SM4450 Snapdragon 4 Gen 2 (4 nm),6.77 inches,GSM / HSPA / LTE / 5G,Yes,17999,https://www.gsmarena.com/honor_play_60_plus-13161.php
Honor,Honor Play9C (China),"2024, September 26",Available,256GB 8GB RAM,6/8/12,Mediatek Dimensity 6100+ (6 nm),6.56 inches,GSM / CDMA / HSPA / CDMA2000 / LTE / 5G,Yes,,https://www.gsmarena.com/honor_play9c-13493.php
Honor,Honor Play9T,"2024, September 06",Available,"128GB 8GB RAM, 256GB 8GB RAM",8/12,Qualcomm SM4450 Snapdragon 4 Gen 2 (4 nm),6.77 inches,GSM / CDMA / HSPA / CDMA2000 / LTE / 5G,Yes,,https://www.gsmarena.com/honor_play9t-13494.php
Honor,Honor X7b 5G,"2024, April 04",Available,256GB 8GB RAM,8,Mediatek Dimensity 6020 (7 nm),6.8 inches,GSM / HSPA / LTE / 5G,Yes,,https://www.gsmarena.com/honor_x7b_5g-12913.php
Honor,Honor Play 40,"2023, July 05",Available,"128GB 8GB RAM, 256GB 8GB RAM",6/8,Qualcomm SM4350-AC Snapdragon 480+ 5G (8 nm),6.56 inches,GSM / CDMA / HSPA / CDMA2000 / LTE / 5G,Yes,,https://www.gsmarena.com/honor_play_40-12401.php
Honor,Honor Play 50 Plus,"2023, October 10",Available,256GB 8GB RAM,8/12,Mediatek Dimensity 6020 (7 nm),6.8 inches,GSM / CDMA / HSPA / EVDO / LTE / 5G,Yes,,https://www.gsmarena.com/honor_play_50_plus-12618.php
Honor,Honor Play 8T,"2023, October 17",Available,256GB 8GB RAM,8/12,Mediatek Dimensity 6080 (6 nm),6.8 inches,GSM / CDMA / HSPA / EVDO / LTE / 5G,Yes,,https://www.gsmarena.com/honor_play_8t-12628.php
Honor,Honor Play7T,"2023, March 28",Available,"128GB 8GB RAM, 256GB 8GB RAM",8,Mediatek Dimensity 6020 (7 nm),6.74 inches,GSM / CDMA / HSPA / EVDO / LTE / 5G,Yes,,https://www.gsmarena.com/honor_play7t-12201.php
Honor,Honor Play7T Pro,"2023, March 28",Available,"128GB 8GB RAM, 256GB 8GB RAM",8,Mediatek Dimensity 6020 (7 nm),6.7 inches,GSM / CDMA / HSPA / EVDO / LTE / 5G,Yes,,https://www.gsmarena.com/honor_play7t_pro-12200.php
Honor,Honor Play 30,"2022, May 10",Available,128GB 8GB RAM,4/8,Qualcomm SM4350-AC Snapdragon 480+ 5G (8 nm),6.5 inches,GSM / CDMA / HSPA / CDMA2000 / LTE / 5G,Yes,,https://www.gsmarena.com/honor_play_30-11520.php
Honor,Honor Play 40 Plus,"2022, October 20",Available,"128GB 8GB RAM, 256GB 8GB RAM",6/8,Mediatek Dimensity 700 (7 nm),6.74 inches,GSM / CDMA / HSPA / EVDO / LTE / 5G,Yes,,https://www.gsmarena.com/honor_play_40_plus-11943.php
Honor,Honor Play6T,"2022, April 07",Available,"128GB 8GB RAM, 256GB 8GB RAM",8,Mediatek Dimensity 700 (7 nm),6.74 inches,GSM / CDMA / HSPA / CDMA2000 / LTE / 5G,Yes,,https://www.gsmarena.com/honor_play6t-11464.php
Honor,Honor Play6T Pro,"2022, April 07",Available,"128GB 8GB RAM, 256GB 8GB RAM",8,Mediatek Dimensity 810 (6 nm),6.7 inches,GSM / CDMA / HSPA / CDMA2000 / LTE / 5G,Yes,,https://www.gsmarena.com/honor_play6t_pro-11463.php
Honor,Honor X40i,"2022, July 13",Available,"128GB 8GB RAM, 256GB 8GB RAM",8/12,Mediatek Dimensity 700 (7 nm),6.7 inches,GSM / CDMA / HSPA / CDMA2000 / LTE / 5G,Yes,,https://www.gsmarena.com/honor_x40i-11671.php
Honor,Honor Play 30 Plus,"2021, December 16",Available,128GB 8GB RAM,4/6/8,Mediatek Dimensity 700 (7 nm),6.74 inches,GSM / CDMA / HSPA / CDMA2000 / LTE / 5G,Yes,,https://www.gsmarena.com/honor_play_30_plus-11271.php
Honor,Honor Play5 Youth,"2021, October 25",Available,"128GB 8GB RAM, 256GB 8GB RAM",8,Mediatek Dimensity 900 (6 nm),6.67 inches,GSM / CDMA / HSPA / CDMA2000 / LTE / 5G,Yes,,https://www.gsmarena.com/honor_play5_youth-11173.php
Honor,Honor X20,"2021, August 13",Available,"128GB 8GB RAM, 256GB 8GB RAM",6/8,Mediatek Dimensity 900 (6 nm),6.67 inches,GSM / CDMA / HSPA / LTE / 5G,Yes,,https://www.gsmarena.com/honor_x20-11052.php
Honor,Honor X20 SE,"2021, June 30",Available,128GB 8GB RAM,6/8,Mediatek Dimensity 700 (7 nm),6.6 inches,GSM / CDMA / HSPA / LTE / 5G,Yes,,https://www.gsmarena.com/honor_x20_se-10995.php
Honor,Honor X30 Max,"2021, October 28",Available,"128GB 8GB RAM, 256GB 8GB RAM",8,Mediatek Dimensity 900 (6 nm),7.09 inches,GSM / CDMA / HSPA / CDMA2000 / LTE / 5G,Yes,,https://www.gsmarena.com/honor_x30_max-11178.php
Honor,Honor X30i,"2021, October 28",Available,"128GB 8GB RAM, 256GB 8GB RAM",6/8,Mediatek Dimensity 810 (6 nm),6.7 inches,GSM / CDMA / HSPA / CDMA2000 / LTE / 5G,Yes,,https://www.gsmarena.com/honor_x30i-11179.php
Honor,Honor 30 Youth,"2020, July 02. Released 2020, July 08",Discontinued,128GB 8GB RAM,6/8,Mediatek Dimensity 800 (7 nm),6.5 inches,GSM / HSPA / LTE / 5G,Yes,,https://www.gsmarena.com/honor_30_youth-10304.php
Honor,Honor 30S,"2020, March 30. Released 2020, April 07",Discontinued,"128GB 8GB RAM, 256GB 8GB RAM",6/8,Kirin 820 5G (7 nm),6.5 inches,GSM / CDMA / HSPA / LTE / 5G,Yes,,https://www.gsmarena.com/honor_30s-10162.php
Honor,Honor Play4,"2020, June 03. Released 2020, June 13",Discontinued,128GB 8GB RAM,8,Mediatek Dimensity 800 (7 nm),6.81 inches,GSM / CDMA / HSPA / LTE / 5G,Yes,,https://www.gsmarena.com/honor_play4-10283.php
Honor,Honor X10 5G,"2020, May 20. Released 2020, May 26",Discontinued,128GB 8GB RAM,6/8,Kirin 820 5G (7 nm),6.63 inches,GSM / CDMA / HSPA / EVDO / LTE / 5G,Yes,,https://www.gsmarena.com/honor_x10_5g-10228.php
Honor,Honor X10 Max 5G,"2020, July 02. Released 2020, July 03",Discontinued,128GB 8GB RAM,6/8,Mediatek Dimensity 800 (7 nm),7.09 inches,GSM / HSPA / LTE / 5G,Yes,,https://www.gsmarena.com/honor_x10_max_5g-10306.php
HTC,HTC U23,"2023, July 17",Available,128GB 8GB RAM,8,Qualcomm SM7450-AB Snapdragon 7 Gen 1 (4 nm),6.7 inches,GSM / HSPA / LTE / 5G,Yes,,https://www.gsmarena.com/htc_u23-12427.php
HTC,HTC U23 Pro,"2023, May 18",Available,256GB 8GB RAM,8/12,Qualcomm SM7450-AB Snapdragon 7 Gen 1 (4 nm),6.7 inches,GSM / HSPA / LTE / 5G,Yes,,https://www.gsmarena.com/htc_u23_pro-12269.php
HTC,HTC Desire 22 Pro,"2022, June 28",Available,128GB 8GB RAM,8,Qualcomm SM6375 Snapdragon 695 5G (6 nm),6.6 inches,GSM / HSPA / LTE / 5G,Yes,,https://www.gsmarena.com/htc_desire_22_pro-11642.php
Huawei,Huawei Mate 40E,"2021, March 10",Available,"128GB 8GB RAM, 256GB 8GB RAM",8,Kirin 990E 5G (7 nm+),6.5 inches,GSM / CDMA / HSPA / EVDO / LTE / 5G,Yes,,https://www.gsmarena.com/huawei_mate_40e-10783.php
Huawei,Huawei Enjoy 20 Plus 5G,"2020, September 03. Released 2020, September 10",Discontinued,128GB 8GB RAM,6/8,Mediatek Dimensity 720 (7 nm),6.63 inches,GSM / HSPA / LTE / 5G,Yes,,https://www.gsmarena.com/huawei_enjoy_20_plus_5g-10417.php
Huawei,Huawei Enjoy 20 Pro,"2020, June 19. Released 2020, June 24",Discontinued,128GB 8GB RAM,6/8,Mediatek Dimensity 800 (7 nm),6.5 inches,GSM / HSPA / LTE / 5G,Yes,,https://www.gsmarena.com/huawei_enjoy_20_pro-10299.php
Huawei,Huawei Enjoy Z 5G,"2020, May 24. Released 2020, June 03",Discontinued,128GB 8GB RAM,6/8,Mediatek Dimensity 800 (7 nm),6.5 inches,GSM / HSPA / LTE / 5G,Yes,,https://www.gsmarena.com/huawei_enjoy_z_5g-10252.php
Huawei,Huawei Mate 40,"2020, October 22",Available,"128GB 8GB RAM, 256GB 8GB RAM",8,Kirin 9000E 5G (5 nm),6.5 inches,GSM / HSPA / LTE / 5G,Yes,,https://www.gsmarena.com/huawei_mate_40-10553.php
Huawei,Huawei P40 lite 5G,"2020, May 15. Released 2020, May 28",Discontinued,128GB 8GB RAM,6/8,Kirin 820 5G (7 nm),6.5 inches,GSM / HSPA / LTE / 5G,Yes,,https://www.gsmarena.com/huawei_p40_lite_5g-10236.php
Huawei,Huawei nova 7 SE,"2020, April 23. Released 2020, April 28",Discontinued,"128GB 8GB RAM, 256GB 8GB RAM",6/8,Kirin 820 5G (7 nm),6.5 inches,GSM / CDMA / HSPA / LTE / 5G,Yes,,https://www.gsmarena.com/huawei_nova_7_se-10205.php
Huawei,Huawei nova 7 SE 5G Youth,"2020, October 16. Released 2020, October 16",Discontinued,128GB 8GB RAM,8,Mediatek Dimensity 800U (7 nm),6.5 inches,GSM / CDMA / HSPA / LTE / 5G,Yes,,https://www.gsmarena.com/huawei_nova_7_se_5g_youth-10519.php
Huawei,Huawei Mate 30 5G,"2019, September. Released 2019, October",Discontinued,"128GB 8GB RAM, 256GB 8GB RAM",6/8,Kirin 990 5G (7 nm+),6.62 inches,GSM / HSPA / LTE / 5G,Yes,,https://www.gsmarena.com/huawei_mate_30_5g-9881.php
Huawei,Huawei nova 6 5G,"2019, December. Released 2019, December",Discontinued,"128GB 8GB RAM, 256GB 8GB RAM",8,Kirin 990 (7 nm),6.57 inches,GSM / HSPA / LTE / 5G,Yes,,https://www.gsmarena.com/huawei_nova_6_5g-9983.php
Infinix,Infinix Hot 70 Pro,"2026, July 16",Available,"128GB 8GB RAM, 256GB 8GB RAM",6/8,Mediatek Dimensity 7100 (6 nm),6.76 inches,GSM / HSPA / LTE / 5G,Yes,,https://www.gsmarena.com/infinix_hot_70_pro_5g-14806.php
Infinix,Infinix Hot 60,"2025, July 11",Available,256GB 8GB RAM,6/8,Mediatek Dimensity 7020 (6 nm),6.7 inches,GSM / HSPA / LTE / 5G,Yes,,https://www.gsmarena.com/infinix_hot_60_5g-14006.php
Infinix,Infinix Hot 50,"2024, September 05",Available,"128GB 8GB RAM, 256GB 8GB RAM",4/6/8,Mediatek Dimensity 6300 (6 nm),6.7 inches,GSM / HSPA / LTE / 5G,Yes,10999,https://www.gsmarena.com/infinix_hot_50-13305.php
Infinix,Infinix Note 40X 5G,"2024, August 05",Available,256GB 8GB RAM,8/12,Mediatek Dimensity 6300 (6 nm),6.78 inches,GSM / HSPA / LTE / 5G,Yes,14999,https://www.gsmarena.com/infinix_note_40x_5g-13246.php
Infinix,Infinix GT 10 Pro,"2023, August 03",Available,256GB 8GB RAM,8,Mediatek Dimensity 8050 (6 nm),6.67 inches,GSM / HSPA / LTE / 5G,Yes,,https://www.gsmarena.com/infinix_gt_10_pro-12451.php
Infinix,Infinix Hot 30 5G,"2023, July 14",Available,128GB 8GB RAM,4/8,Mediatek Dimensity 6020 (7 nm),6.78 inches,GSM / HSPA / LTE / 5G,Yes,14499,https://www.gsmarena.com/infinix_hot_30_5g-12424.php
Infinix,Infinix Note 30 5G,"2023, May 22",Available,256GB 8GB RAM,4/8,Mediatek Dimensity 6080 (6 nm),6.78 inches,GSM / HSPA / LTE / 5G,Yes,25999,https://www.gsmarena.com/infinix_note_30_5g-12272.php
Infinix,Infinix Note 30 VIP,"2023, June 12",Available,256GB 8GB RAM,8/12,Mediatek Dimensity 8050 (6 nm),6.67 inches,GSM / HSPA / LTE / 5G,Yes,25999,https://www.gsmarena.com/infinix_note_30_vip-12365.php
Infinix,Infinix Note 12 Pro 5G,"2022, July 08",Available,"128GB 8GB RAM, 256GB 8GB RAM",8,Mediatek Dimensity 810 (6 nm),6.7 inches,GSM / HSPA / LTE / 5G,Yes,,https://www.gsmarena.com/infinix_note_12_pro_5g-11663.php
Infinix,Infinix Zero 5G,"2022, February 08",Available,128GB 8GB RAM,8,Mediatek Dimensity 900 (6 nm),6.78 inches,GSM / HSPA / LTE / 5G,Yes,,https://www.gsmarena.com/infinix_zero_5g-11355.php
Infinix,Infinix Zero 5G 2023,"2022, November 08",Available,256GB 8GB RAM,8,Mediatek Dimensity 1080 Mediatek Dimensity 920 (6 nm) - X6815D,6.78 inches,GSM / HSPA / LTE / 5G,Yes,,https://www.gsmarena.com/infinix_zero_5g_2023-11976.php
Lava,Lava Play Max,"2025, December 09",Available,128GB 8GB RAM,6/8,Mediatek Dimensity 7300 (4 nm),6.72 inches,GSM / HSPA / LTE / 5G,Yes,14999,https://www.gsmarena.com/lava_play_max_5g-14344.php
Lava,Lava Play Ultra,"2025, August 21",Available,128GB 8GB RAM,6/8,Mediatek Dimensity 7300 (4 nm),6.67 inches,GSM / HSPA / LTE / 5G,Yes,,https://www.gsmarena.com/lava_play_ultra_5g-14089.php
Lava,Lava Storm Play,"2025, June 13",Available,256GB 8GB RAM,6/8,Mediatek Dimensity 7060 (6 nm),6.75 inches,GSM / HSPA / LTE / 5G,Yes,,https://www.gsmarena.com/lava_storm_play_5g-13950.php
Lava,Lava Blaze Pro 5G,"2023, September 26",Available,128GB 8GB RAM,8,Mediatek Dimensity 6020 (7 nm),6.78 inches,GSM / HSPA / LTE / 5G,Yes,13499,https://www.gsmarena.com/lava_blaze_pro_5g-12724.php
Lava,Lava Storm,"2023, December 21",Available,128GB 8GB RAM,8,Mediatek Dimensity 6080 (6 nm),6.78 inches,GSM / HSPA / LTE / 5G,Yes,10999,https://www.gsmarena.com/lava_storm-12753.php
Lava,Lava Agni 5G,"2021, November 09",Available,128GB 8GB RAM,8,Mediatek Dimensity 810 (6 nm),6.78 inches,GSM / HSPA / LTE / 5G,Yes,,https://www.gsmarena.com/lava_agni_5g-11210.php
Lenovo,Lenovo Z6 Pro 5G,"2019, June 26. Released 2019, November 15",Discontinued,"128GB 8GB RAM, 256GB 8GB RAM",6/8/12,Qualcomm SM8150 Snapdragon 855 (7 nm),6.39 inches,GSM / CDMA / HSPA / LTE / 5G,Yes,,https://www.gsmarena.com/lenovo_z6_pro_5g-9754.php
LG,LG V60 ThinQ 5G,"2020, February 26. Released 2020, March 20",Discontinued,"128GB 8GB RAM, 256GB 8GB RAM",8,Qualcomm SM8250 Snapdragon 865 5G (7 nm+),6.8 inches,GSM / CDMA / HSPA / EVDO / LTE / 5G,Yes,,https://www.gsmarena.com/lg_v60_thinq_5g-10103.php
LG,LG V60 ThinQ 5G UW,"2020, February 26. Released 2020, April 02",Discontinued,128GB 8GB RAM,8,Qualcomm SM8250 Snapdragon 865 5G (7 nm+),6.8 inches,GSM / CDMA / HSPA / EVDO / LTE / 5G,Yes,,https://www.gsmarena.com/lg_v60_thinq_5g_uw-10256.php
LG,LG Velvet 5G,"2020, May 07. Released 2020, May 15",Discontinued,128GB 8GB RAM,6/8,Qualcomm SM7250 Snapdragon 765G 5G (7 nm),6.8 inches,GSM / HSPA / LTE / 5G,Yes,,https://www.gsmarena.com/lg_velvet_5g-10209.php
LG,LG V50S ThinQ 5G,"2019, October. Released 2019, October",Discontinued,256GB 8GB RAM,8,Qualcomm SM8150 Snapdragon 855 (7 nm),6.4 inches,GSM / CDMA / HSPA / EVDO / LTE / 5G,Yes,,https://www.gsmarena.com/lg_v50s_thinq_5g-9906.php
Meizu,Meizu Note 16,"2025, May 13",Available,"128GB 8GB RAM, 256GB 8GB RAM",8/12,Unisoc T8200 (6 nm),6.78 inches,GSM / HSPA / LTE / 5G,Yes,,https://www.gsmarena.com/meizu_note_16_5g-13862.php
Meizu,Meizu Note 22,"2025, May 20",Available,"128GB 8GB RAM, 256GB 8GB RAM",8/12,Unisoc T8200 (6 nm),6.78 inches,GSM / HSPA / LTE / 5G,Yes,,https://www.gsmarena.com/meizu_note_22_5g-13883.php
Meizu,Meizu Blue 20,"2024, July 17",Available,256GB 8GB RAM,6/8,Unisoc T765 (6 nm),6.52 inches,GSM / HSPA / LTE / 5G,Yes,,https://www.gsmarena.com/meizu_blue_20-13212.php
Motorola,Motorola Moto G37 Power,"2026, April 29",Available,128GB 8GB RAM,4/8,Mediatek Dimensity 6300 (6 nm) - global Mediatek Dimensity 6400 (6 nm) - India,6.67 inches,GSM / HSPA / LTE / 5G,Yes,19707,https://www.gsmarena.com/motorola_moto_g37_power-14647.php
Motorola,Motorola Moto G47,"2026, April 29",Available,"128GB 8GB RAM, 256GB 8GB RAM",4/8,Mediatek Dimensity 6300 (6 nm),6.67 inches,GSM / HSPA / LTE / 5G,Yes,,https://www.gsmarena.com/motorola_moto_g47-14645.php
Motorola,Motorola Moto G77 Power,"2026, July 08",Available,128GB 8GB RAM,8,Mediatek Dimensity 6400 (6 nm),6.72 inches,GSM / HSPA / LTE / 5G,Yes,25999,https://www.gsmarena.com/motorola_moto_g77_power_5g-14772.php
Motorola,Motorola Edge 60 Stylus,"2025, April 10",Available,256GB 8GB RAM,8,Qualcomm SM7435-AB Snapdragon 7s Gen 2 (4 nm),6.7 inches,GSM / HSPA / LTE / 5G,Yes,19999,https://www.gsmarena.com/motorola_edge_60_stylus_5g-13785.php
Motorola,Motorola Moto G56,"2025, May 29",Available,"128GB 8GB RAM, 256GB 8GB RAM",4/8/12,Mediatek Dimensity 7060 (6 nm),6.72 inches,GSM / HSPA / LTE / 5G,Yes,,https://www.gsmarena.com/motorola_moto_g56_5g-13841.php
Motorola,Motorola Moto G57,"2025, November 05",Available,"128GB 8GB RAM, 256GB 8GB RAM",8,Qualcomm SM6435-AA Snapdragon 6s Gen 4 (4 nm),6.72 inches,GSM / HSPA / LTE / 5G,Yes,,https://www.gsmarena.com/motorola_moto_g57_5g-14284.php
Motorola,Motorola Moto G57 Power,"2025, November 05",Available,"128GB 8GB RAM, 256GB 8GB RAM",8/12,Qualcomm SM6435-AA Snapdragon 6s Gen 4 (4 nm),6.72 inches,GSM / HSPA / LTE / 5G,Yes,,https://www.gsmarena.com/motorola_moto_g57_power_5g-14282.php
Motorola,Motorola Moto G67 Power,"2025, November 05",Available,"128GB 8GB RAM, 256GB 8GB RAM",8/12,Qualcomm SM7435-AB Snapdragon 7s Gen 2 (4 nm),6.7 inches,GSM / HSPA / LTE / 5G,Yes,19999,https://www.gsmarena.com/motorola_moto_g67_power_5g-14266.php
Motorola,Motorola Moto G35,"2024, August 29",Available,"128GB 8GB RAM, 256GB 8GB RAM",4/8,Unisoc T760 (6 nm),6.72 inches,GSM / HSPA / LTE / 5G,Yes,,https://www.gsmarena.com/motorola_moto_g35-13288.php
Motorola,Motorola Moto G45,"2024, August 21",Available,128GB 8GB RAM,4/8,Qualcomm SM6375 Snapdragon 6s Gen 3 (6 nm),6.5 inches,GSM / HSPA / LTE / 5G,Yes,12124,https://www.gsmarena.com/motorola_moto_g45-13267.php
Motorola,Motorola Moto G55,"2024, August 29",Available,"128GB 8GB RAM, 256GB 8GB RAM",4/8,Mediatek Dimensity 7025 (6 nm),6.49 inches,GSM / HSPA / LTE / 5G,Yes,22499,https://www.gsmarena.com/motorola_moto_g55-13278.php
Motorola,Motorola Moto G64,"2024, April 11",Available,128GB 8GB RAM,8/12,Mediatek Dimensity 7025 (6 nm),6.5 inches,GSM / HSPA / LTE / 5G,Yes,13999,https://www.gsmarena.com/motorola_moto_g64-12925.php
Motorola,Motorola Moto G34,"2023, December 22",Available,"128GB 8GB RAM, 256GB 8GB RAM",4/8,Qualcomm SM6375 Snapdragon 695 5G (6 nm),6.5 inches,GSM / HSPA / LTE / 5G,Yes,12000,https://www.gsmarena.com/motorola_moto_g34-12759.php
Motorola,Motorola Moto G54,"2023, September 05",Available,"128GB 8GB RAM, 256GB 8GB RAM",4/8/12,Mediatek Dimensity 7020 (6 nm),6.5 inches,GSM / HSPA / LTE / 5G,Yes,16999,https://www.gsmarena.com/motorola_moto_g54-12543.php
Motorola,Motorola Moto G54 Power,"2023, September 05",Available,"128GB 8GB RAM, 256GB 8GB RAM",8/12,Mediatek Dimensity 7020 (6 nm),6.5 inches,GSM / HSPA / LTE / 5G,Yes,,https://www.gsmarena.com/motorola_moto_g54_power-12503.php
Motorola,Motorola Moto G73,"2023, January 24",Available,"128GB 8GB RAM, 256GB 8GB RAM",8,Mediatek Dimensity 930 (6 nm),6.5 inches,GSM / HSPA / LTE / 5G,Yes,18999,https://www.gsmarena.com/motorola_moto_g73-12079.php
Motorola,Motorola Moto G84,"2023, August 24",Available,256GB 8GB RAM,8/12,Qualcomm SM6375 Snapdragon 695 5G (6 nm),6.5 inches,GSM / HSPA / LTE / 5G,Yes,,https://www.gsmarena.com/motorola_moto_g84-12526.php
Motorola,Motorola Moto G53,"2022, December 15",Available,128GB 8GB RAM,4/6/8,Qualcomm SM4350-AC Snapdragon 480+ 5G (8 nm),6.5 inches,GSM / CDMA / HSPA / LTE / 5G,Yes,,https://www.gsmarena.com/motorola_moto_g53-12028.php
Motorola,Motorola Moto G62 5G,"2022, June 09",Available,128GB 8GB RAM,4/6/8,Qualcomm SM4350-AC Snapdragon 480+ 5G (8 nm),6.5 inches,GSM / HSPA / LTE / 5G,Yes,24999,https://www.gsmarena.com/motorola_moto_g62_5g-11602.php
Motorola,Motorola Moto G71s,"2022, May 17",Available,128GB 8GB RAM,8,Qualcomm SM6375 Snapdragon 695 5G (6 nm),6.6 inches,GSM / CDMA / HSPA / CDMA2000 / LTE / 5G,Yes,,https://www.gsmarena.com/motorola_moto_g71s-11531.php
Motorola,Motorola Moto G82,"2022, May 12",Available,128GB 8GB RAM,6/8,Qualcomm SM6375 Snapdragon 695 5G (6 nm),6.6 inches,GSM / HSPA / LTE / 5G,Yes,22999,https://www.gsmarena.com/motorola_moto_g82-11508.php
Motorola,Motorola Edge 20 Fusion,"2021, August 17",Available,128GB 8GB RAM,6/8,Mediatek Dimensity 800U (7 nm),6.7 inches,GSM / HSPA / LTE / 5G,Yes,,https://www.gsmarena.com/motorola_edge_20_fusion-11056.php
Motorola,Motorola Edge 20 Lite,"2021, July 29",Available,128GB 8GB RAM,6/8,Mediatek Dimensity 720 (7 nm),6.7 inches,GSM / HSPA / LTE / 5G,Yes,,https://www.gsmarena.com/motorola_edge_20_lite-11035.php
Motorola,Motorola Edge S,"2021, January 26",Available,"128GB 8GB RAM, 256GB 8GB RAM",6/8,Qualcomm SM8250-AC Snapdragon 870 5G (7 nm),6.7 inches,GSM / CDMA / HSPA / CDMA2000 / LTE / 5G,Yes,,https://www.gsmarena.com/motorola_edge_s-10705.php
Motorola,Motorola Moto G100 (2021),"2021, March 25",Available,128GB 8GB RAM,8/12,Qualcomm SM8250-AC Snapdragon 870 5G (7 nm),6.7 inches,GSM / HSPA / LTE / 5G,Yes,,https://www.gsmarena.com/motorola_moto_g100-10791.php
Motorola,Motorola Moto G51 5G,"2021, November 03",Available,128GB 8GB RAM,4/6/8,Qualcomm SM4350-AC Snapdragon 480+ 5G (8 nm),6.8 inches,GSM / HSPA / LTE / 5G,Yes,,https://www.gsmarena.com/motorola_moto_g51_5g-11194.php
Motorola,Motorola Moto G71 5G,"2021, November 18",Available,128GB 8GB RAM,4/6/8,Qualcomm SM6375 Snapdragon 695 5G (6 nm),6.4 inches,GSM / HSPA / LTE / 5G,Yes,,https://www.gsmarena.com/motorola_moto_g71_5g-11223.php
Motorola,Motorola Moto G 5G Plus,"2020, July 07. Released 2020, July 08",Discontinued,128GB 8GB RAM,4/6/8,Qualcomm SM7250 Snapdragon 765 5G (7 nm),6.7 inches,GSM / HSPA / LTE / 5G,Yes,,https://www.gsmarena.com/motorola_moto_g_5g_plus-10307.php
Nokia,Nokia G42,"2023, June 28",Available,256GB 8GB RAM,4/6/8,Qualcomm SM4350-AC Snapdragon 480+ 5G (8 nm),6.56 inches,GSM / HSPA / LTE / 5G,Yes,16999,https://www.gsmarena.com/nokia_g42-12381.php
Nokia,Nokia X20,"2021, April 08",Available,128GB 8GB RAM,6/8,Qualcomm SM4350 Snapdragon 480 5G (8 nm),6.67 inches,GSM / HSPA / LTE / 5G,Yes,,https://www.gsmarena.com/nokia_x20-10838.php
Nokia,Nokia 8.3 5G,"2020, March 19. Released 2020, September 15",Discontinued,"64GB 8GB RAM, 128GB 8GB RAM",6/8,Qualcomm SM7250 Snapdragon 765G 5G (7 nm),6.81 inches,GSM / HSPA / LTE / 5G,Yes,,https://www.gsmarena.com/nokia_8_3_5g-10142.php
OnePlus,OnePlus Nord CE4 Lite,"2024, June 24",Available,256GB 8GB RAM,8,Qualcomm SM6375 Snapdragon 695 5G (6 nm),6.67 inches,GSM / HSPA / LTE / 5G,Yes,,https://www.gsmarena.com/oneplus_nord_ce4_lite-13166.php
OnePlus,OnePlus Nord CE 3 Lite,"2023, April 04",Available,"128GB 8GB RAM, 256GB 8GB RAM",8,Qualcomm SM6375 Snapdragon 695 5G (6 nm),6.72 inches,GSM / HSPA / LTE / 5G,Yes,,https://www.gsmarena.com/oneplus_nord_ce_3_lite-12198.php
OnePlus,OnePlus Nord N30,"2023, June 06",Available,128GB 8GB RAM,8,Qualcomm SM6375 Snapdragon 695 5G (6 nm),6.72 inches,GSM / HSPA / LTE / 5G,Yes,,https://www.gsmarena.com/oneplus_nord_n30-12220.php
OnePlus,OnePlus Ace Racing,"2022, May 17",Available,"128GB 8GB RAM, 256GB 8GB RAM",8/12,Mediatek Dimensity 8100 Max (5 nm),6.59 inches,GSM / CDMA / HSPA / CDMA2000 / LTE / 5G,Yes,,https://www.gsmarena.com/oneplus_ace_racing-11529.php
OnePlus,OnePlus Nord CE 2 5G,"2022, February 17",Available,128GB 8GB RAM,6/8,Mediatek Dimensity 900 (6 nm),6.43 inches,GSM / HSPA / LTE / 5G,Yes,,https://www.gsmarena.com/oneplus_nord_ce_2_5g-11269.php
OnePlus,OnePlus Nord CE 2 Lite 5G,"2022, April 28",Available,128GB 8GB RAM,6/8,Qualcomm SM6375 Snapdragon 695 5G (6 nm),6.59 inches,GSM / HSPA / LTE / 5G,Yes,,https://www.gsmarena.com/oneplus_nord_ce_2_lite_5g-11344.php
OnePlus,OnePlus Nord CE 5G,"2021, June 10",Available,128GB 8GB RAM,6/8/12,Qualcomm SM7225 Snapdragon 750G 5G (8 nm),6.43 inches,GSM / HSPA / LTE / 5G,Yes,,https://www.gsmarena.com/oneplus_nord_ce_5g-10944.php
Oppo,Oppo A6t,"2026, January 13",Available,"256GB 8GB RAM, 512GB 8GB RAM",4/6/8,Mediatek Dimensity 6300 (6 nm),6.75 inches,GSM / HSPA / LTE / 5G,Yes,,https://www.gsmarena.com/oppo_a6t_5g-14417.php
Oppo,Oppo K14,"2026, March 20",Available,256GB 8GB RAM,6/8,Mediatek Dimensity 6300 (6 nm),6.75 inches,GSM / HSPA / LTE / 5G,Yes,24880,https://www.gsmarena.com/oppo_k14_5g-14530.php
Oppo,Oppo A5,"2025, May 15",Available,"128GB 8GB RAM, 256GB 8GB RAM",4/6/8,Mediatek Dimensity 6300 (6 nm),6.67 inches,GSM / HSPA / LTE / 5G,Yes,,https://www.gsmarena.com/oppo_a5_5g-13872.php
Oppo,Oppo K13x,"2025, June 23",Available,"128GB 8GB RAM, 256GB 8GB RAM",4/6/8,Mediatek Dimensity 6300 (6 nm),6.67 inches,GSM / HSPA / LTE / 5G,Yes,,https://www.gsmarena.com/oppo_k13x_5g-13978.php
Oppo,Oppo A3,"2024, August 20",Available,256GB 8GB RAM,4/6/8,Mediatek Dimensity 6300 (6 nm),6.67 inches,GSM / HSPA / LTE / 5G,Yes,,https://www.gsmarena.com/oppo_a3-13269.php
Oppo,Oppo A3 Pro,"2024, June 21",Available,"128GB 8GB RAM, 256GB 8GB RAM",6/8,Mediatek Dimensity 6300 (6 nm),6.67 inches,GSM / HSPA / LTE / 5G,Yes,16999,https://www.gsmarena.com/oppo_a3_pro-13160.php
Oppo,Oppo A80,"2024, August 14",Available,"128GB 8GB RAM, 256GB 8GB RAM",8/12,Mediatek Dimensity 6300 (6 nm),6.67 inches,GSM / HSPA / LTE / 5G,Yes,17999,https://www.gsmarena.com/oppo_a80-13292.php
Oppo,Oppo K12x,"2024, July 29",Available,256GB 8GB RAM,6/8,Mediatek Dimensity 6300 (6 nm),6.67 inches,GSM / HSPA / LTE / 5G,Yes,15999,https://www.gsmarena.com/oppo_k12x-13237.php
Oppo,Oppo A1,"2023, April 04",Available,256GB 8GB RAM,8/12,Qualcomm SM6375 Snapdragon 695 5G (6 nm),6.72 inches,GSM / CDMA / HSPA / CDMA2000 / LTE / 5G,Yes,20499,https://www.gsmarena.com/oppo_a1-12213.php
Oppo,Oppo A1x,"2023, March 31",Available,128GB 8GB RAM,6/8,Mediatek Dimensity 700 (7 nm),6.56 inches,GSM / CDMA / HSPA / CDMA2000 / LTE / 5G,Yes,16990,https://www.gsmarena.com/oppo_a1x-12208.php
Oppo,Oppo A2x,"2023, October 12",Available,256GB 8GB RAM,6/8/12,Mediatek Dimensity 6020 (7 nm),6.56 inches,GSM / HSPA / LTE / 5G,Yes,14499,https://www.gsmarena.com/oppo_a2x-12621.php
Oppo,Oppo A56s,"2023, January 05",Available,"128GB 8GB RAM, 256GB 8GB RAM",8,Mediatek Dimensity 810 (6 nm),6.56 inches,GSM / CDMA / HSPA / CDMA2000 / LTE / 5G,Yes,,https://www.gsmarena.com/oppo_a56s-12064.php
Oppo,Oppo A78,"2023, January 07",Available,"128GB 8GB RAM, 256GB 8GB RAM",4/8,Mediatek Dimensity 700 (7 nm),6.56 inches,GSM / HSPA / LTE / 5G,Yes,,https://www.gsmarena.com/oppo_a78-12073.php
Oppo,Oppo A79,"2023, October 27",Available,"128GB 8GB RAM, 256GB 8GB RAM",4/8,Mediatek Dimensity 6020 (7 nm),6.72 inches,GSM / HSPA / LTE / 5G,Yes,17499,https://www.gsmarena.com/oppo_a79-12636.php
Oppo,Oppo A98,"2023, May 09",Available,256GB 8GB RAM,8,Qualcomm SM6375 Snapdragon 695 5G (6 nm),6.72 inches,GSM / HSPA / LTE / 5G,Yes,,https://www.gsmarena.com/oppo_a98-11974.php
Oppo,Oppo F23,"2023, May 15",Available,"128GB 8GB RAM, 256GB 8GB RAM",8,Qualcomm SM6375 Snapdragon 695 5G (6 nm),6.72 inches,GSM / HSPA / LTE / 5G,Yes,18690,https://www.gsmarena.com/oppo_f23-12270.php
Oppo,Oppo K11x,"2023, May 25",Available,"128GB 8GB RAM, 256GB 8GB RAM",8/12,Qualcomm SM6375 Snapdragon 695 5G (6 nm),6.72 inches,GSM / HSPA / LTE / 5G,Yes,17490,https://www.gsmarena.com/oppo_k11x-12295.php
Oppo,Oppo A55s,"2022, April 18",Available,128GB 8GB RAM,6/8,Mediatek Dimensity 700 (7 nm),6.5 inches,GSM / CDMA / HSPA / LTE / 5G,Yes,,https://www.gsmarena.com/oppo_a55s-11482.php
Oppo,Oppo A57,"2022, April 14",Available,"128GB 8GB RAM, 256GB 8GB RAM",6/8,Mediatek Dimensity 810 (6 nm),6.56 inches,GSM / CDMA / HSPA / CDMA2000 / LTE / 5G,Yes,,https://www.gsmarena.com/oppo_a57-11476.php
Oppo,Oppo A58x,"2022, December 15",Available,128GB 8GB RAM,6/8,Mediatek Dimensity 700 (7 nm),6.56 inches,GSM / CDMA / HSPA / CDMA2000 / LTE / 5G,Yes,,https://www.gsmarena.com/oppo_a58x-12027.php
Oppo,Oppo A97,"2022, July 12",Available,256GB 8GB RAM,8/12,Mediatek Dimensity 810 (6 nm),6.6 inches,GSM / CDMA / HSPA / LTE / 5G,Yes,,https://www.gsmarena.com/oppo_a97-11655.php
Oppo,Oppo F21 Pro 5G,"2022, April 12",Available,128GB 8GB RAM,8,Qualcomm SM6375 Snapdragon 695 5G (6 nm),6.43 inches,GSM / HSPA / LTE / 5G,Yes,,https://www.gsmarena.com/oppo_f21_pro_5g-11471.php
Oppo,Oppo Find X5 Lite,"2022, February 24",Available,256GB 8GB RAM,8,Mediatek Dimensity 900 (6 nm),6.43 inches,GSM / HSPA / LTE / 5G,Yes,31490,https://www.gsmarena.com/oppo_find_x5_lite-11323.php
Oppo,Oppo K10 5G,"2022, June 01",Available,128GB 8GB RAM,6/8,Mediatek Dimensity 810 (6 nm),6.56 inches,GSM / HSPA / LTE / 5G,Yes,16990,https://www.gsmarena.com/oppo_k10_5g-11610.php
Oppo,Oppo K10x,"2022, September 16",Available,"128GB 8GB RAM, 256GB 8GB RAM",6/8/12,Qualcomm SM6375 Snapdragon 695 5G (6 nm),6.59 inches,GSM / CDMA / HSPA / CDMA2000 / LTE / 5G,Yes,,https://www.gsmarena.com/oppo_k10x-11877.php
Oppo,Oppo Reno7 5G,"2022, February 04",Available,"128GB 8GB RAM, 256GB 8GB RAM",8,Mediatek Dimensity 900 (6 nm),6.43 inches,GSM / HSPA / LTE / 5G,Yes,,https://www.gsmarena.com/oppo_reno7_5g-11350.php
Oppo,Oppo Reno7 Lite,"2022, April 14",Available,"128GB 8GB RAM, 256GB 8GB RAM",8,Qualcomm SM6375 Snapdragon 695 5G (6 nm),6.43 inches,GSM / HSPA / LTE / 5G,Yes,,https://www.gsmarena.com/oppo_reno7_lite-11458.php
Oppo,Oppo Reno7 Z 5G,"2022, March 02",Available,128GB 8GB RAM,8,Qualcomm SM6375 Snapdragon 695 5G (6 nm),6.43 inches,GSM / HSPA / LTE / 5G,Yes,,https://www.gsmarena.com/oppo_reno7_z_5g-11397.php
Oppo,Oppo Reno8 Lite,"2022, June 4",Available,128GB 8GB RAM,8/12,Qualcomm SM6375 Snapdragon 695 5G (6 nm),6.43 inches,GSM / HSPA / LTE / 5G,Yes,,https://www.gsmarena.com/oppo_reno8_lite-11513.php
Oppo,Oppo Reno8 Z,"2022, August 04",Available,"128GB 8GB RAM, 256GB 8GB RAM",8,Qualcomm SM6375 Snapdragon 695 5G (6 nm),6.43 inches,GSM / HSPA / LTE / 5G,Yes,,https://www.gsmarena.com/oppo_reno8_z-11735.php
Oppo,Oppo A53s 5G,"2021, April 27",Available,128GB 8GB RAM,6/8,Mediatek Dimensity 700 (7 nm),6.52 inches,GSM / HSPA / LTE / 5G,Yes,,https://www.gsmarena.com/oppo_a53s_5g-10874.php
Oppo,Oppo A55 5G,"2021, January 25",Available,128GB 8GB RAM,4/6/8,Mediatek Dimensity 700 (7 nm),6.5 inches,GSM / CDMA / HSPA / LTE / 5G,Yes,,https://www.gsmarena.com/oppo_a55_5g-10703.php
Oppo,Oppo A74 5G,"2021, April 05",Available,"128GB 8GB RAM, 256GB 8GB RAM",6/8,Qualcomm SM4350 Snapdragon 480 5G (8 nm),6.5 inches,GSM / HSPA / LTE / 5G,Yes,,https://www.gsmarena.com/oppo_a74_5g-10830.php
Oppo,Oppo A93 5G,"2021, January 14",Available,"128GB 8GB RAM, 256GB 8GB RAM",8,Qualcomm SM4350 Snapdragon 480 5G (8 nm),6.5 inches,GSM / CDMA / HSPA / EVDO / LTE / 5G,Yes,,https://www.gsmarena.com/oppo_a93_5g-10683.php
Oppo,Oppo A93s 5G,"2021, July 26",Available,"128GB 8GB RAM, 256GB 8GB RAM",8,Mediatek Dimensity 700 (7 nm),6.5 inches,GSM / CDMA / HSPA / EVDO / LTE / 5G,Yes,,https://www.gsmarena.com/oppo_a93s_5g-10993.php
Oppo,Oppo A94 5G,"2021, April 16",Available,128GB 8GB RAM,8,Mediatek Dimensity 800U (7 nm),6.43 inches,GSM / HSPA / LTE / 5G,Yes,,https://www.gsmarena.com/oppo_a94_5g-10799.php
Oppo,Oppo A95 5G,"2021, April 27",Available,"128GB 8GB RAM, 256GB 8GB RAM",8,Mediatek Dimensity 800U (7 nm),6.43 inches,GSM / CDMA / HSPA / CDMA2000 / LTE / 5G,Yes,,https://www.gsmarena.com/oppo_a95_5g-10834.php
Oppo,Oppo Find X3 Lite,"2021, March 11",Available,128GB 8GB RAM,8,Qualcomm SM7250 Snapdragon 765G 5G (7 nm),6.43 inches,GSM / HSPA / LTE / 5G,Yes,,https://www.gsmarena.com/oppo_find_x3_lite-10719.php
Oppo,Oppo K9,"2021, May 06",Available,"128GB 8GB RAM, 256GB 8GB RAM",8,Qualcomm SM7250-AC Snapdragon 768G 5G (7 nm),6.43 inches,GSM / CDMA / HSPA / CDMA2000 / LTE / 5G,Yes,,https://www.gsmarena.com/oppo_k9-10894.php
Oppo,Oppo K9 Pro,"2021, September 26",Available,"128GB 8GB RAM, 256GB 8GB RAM",8/12,Mediatek Dimensity 1200 (6 nm),6.43 inches,GSM / CDMA / HSPA / CDMA2000 / LTE / 5G,Yes,,https://www.gsmarena.com/oppo_k9_pro-11111.php
Oppo,Oppo K9s,"2021, October 20",Available,"128GB 8GB RAM, 256GB 8GB RAM",6/8,Qualcomm SM7325 Snapdragon 778G 5G (6 nm),6.59 inches,GSM / CDMA / HSPA / CDMA2000 / LTE / 5G,Yes,,https://www.gsmarena.com/oppo_k9s-11151.php
Oppo,Oppo K9x,"2021, December 23",Available,"128GB 8GB RAM, 256GB 8GB RAM",6/8/12,Mediatek Dimensity 810 (6 nm),6.49 inches,GSM / CDMA / HSPA / CDMA2000 / LTE / 5G,Yes,,https://www.gsmarena.com/oppo_k9x-11235.php
Oppo,Oppo Reno5 K,"2021, February 25",Available,128GB 8GB RAM,8/12,Qualcomm SM7225 Snapdragon 750G 5G (8 nm),6.43 inches,GSM / CDMA / HSPA / CDMA2000 / LTE / 5G,Yes,,https://www.gsmarena.com/oppo_reno5_k-10750.php
Oppo,Oppo Reno5 Z,"2021, April 04",Available,128GB 8GB RAM,8,Mediatek Dimensity 800U (7 nm),6.43 inches,GSM / HSPA / LTE / 5G,Yes,,https://www.gsmarena.com/oppo_reno5_z-10760.php
Oppo,Oppo Reno6 Z,"2021, July 20",Available,"128GB 8GB RAM, 256GB 8GB RAM",8,Mediatek Dimensity 800U (7 nm),6.4 inches,GSM / HSPA / LTE / 5G,Yes,,https://www.gsmarena.com/oppo_reno6_z-10978.php
Oppo,Oppo A53 5G,"2020, December 18. Released 2020, December 21",Discontinued,128GB 8GB RAM,4/6/8,Mediatek Dimensity 720 (7 nm),6.5 inches,GSM / CDMA / HSPA / EVDO / LTE / 5G,Yes,,https://www.gsmarena.com/oppo_a53_5g-10608.php
Oppo,Oppo A72 5G,"2020, July 27. Released 2020, July 31",Discontinued,128GB 8GB RAM,4/6/8,Mediatek Dimensity 720 (7 nm),6.5 inches,GSM / CDMA / HSPA / EVDO / LTE / 5G,Yes,,https://www.gsmarena.com/oppo_a72_5g-10332.php
Oppo,Oppo A73 5G,"2020, November 4. Released 2020, November 4",Discontinued,"128GB 8GB RAM, 256GB 8GB RAM",8,Mediatek Dimensity 720 (7 nm),6.5 inches,GSM / HSPA / LTE / 5G,Yes,,https://www.gsmarena.com/oppo_a73_5g-10499.php
Oppo,Oppo A92s,"2020, April 20. Released 2020, April 29",Discontinued,"128GB 8GB RAM, 256GB 8GB RAM",6/8,Mediatek Dimensity 800 (7 nm),6.57 inches,GSM / CDMA / HSPA / LTE / 5G,Yes,,https://www.gsmarena.com/oppo_a92s-10184.php
Oppo,Oppo Find X2 Lite,"2020, April 20. Released 2020, May 21",Discontinued,128GB 8GB RAM,8,Qualcomm SM7250 Snapdragon 765G 5G (7 nm),6.4 inches,GSM / HSPA / LTE / 5G,Yes,,https://www.gsmarena.com/oppo_find_x2_lite-10176.php
Oppo,Oppo K7 5G,"2020, August 04. Released 2020, August 11",Discontinued,"128GB 8GB RAM, 256GB 8GB RAM",8,Qualcomm SM7250 Snapdragon 765G 5G (7 nm),6.4 inches,GSM / CDMA / HSPA / EVDO / LTE / 5G,Yes,,https://www.gsmarena.com/oppo_k7_5g-10354.php
Oppo,Oppo K7x,"2020, November 04. Released 2020, November 11",Discontinued,"128GB 8GB RAM, 256GB 8GB RAM",6/8/12,Mediatek Dimensity 720 (7 nm),6.5 inches,GSM / CDMA / HSPA / EVDO / LTE / 5G,Yes,,https://www.gsmarena.com/oppo_k7x-10573.php
Oppo,Oppo Reno3 Youth,"2020, February 08. Released 2020, February 14",Discontinued,128GB 8GB RAM,8,Qualcomm SM7250 Snapdragon 765G 5G (7 nm),6.4 inches,GSM / CDMA / HSPA / EVDO / LTE / 5G,Yes,,https://www.gsmarena.com/oppo_reno3_youth-10077.php
Oppo,Oppo Reno4 SE,"2020, September 21. Released 2020, September 24",Discontinued,"128GB 8GB RAM, 256GB 8GB RAM",8,Mediatek Dimensity 720 (7 nm),6.43 inches,GSM / CDMA / HSPA / LTE / 5G,Yes,,https://www.gsmarena.com/oppo_reno4_se-10433.php
Oppo,Oppo Reno4 Z 5G,"2020, September 29. Released 2020, October 15",Discontinued,128GB 8GB RAM,8/12,Mediatek Dimensity 800 (7 nm),6.57 inches,GSM / HSPA / LTE / 5G,Yes,,https://www.gsmarena.com/oppo_reno4_z_5g-10375.php
Oppo,Oppo Reno5 5G,"2020, December 10",Available,128GB 8GB RAM,8/12,Qualcomm SM7250 Snapdragon 765G 5G (7 nm),6.43 inches,GSM / CDMA / HSPA / CDMA2000 / LTE / 5G,Yes,,https://www.gsmarena.com/oppo_reno5_5g-10589.php
Oppo,Oppo Reno3 5G,"2019, December. Released 2019, December",Discontinued,128GB 8GB RAM,8/12,Mediatek Dimensity 1000L (7 nm),6.4 inches,GSM / CDMA / HSPA / EVDO / LTE / 5G,Yes,,https://www.gsmarena.com/oppo_reno3_5g-9942.php
Oscal,Oscal Tiger 8,"2025, September",Available,128GB 8GB RAM,4/8,Unisoc T8100 (6 nm),6.88 inches,GSM / HSPA / LTE / 5G,Yes,,https://www.gsmarena.com/oscal_tiger_8_5g-14155.php
Oscal,Oscal Tiger 13,"2024, October 21",Available,256GB 8GB RAM,8,Unisoc T760 (6 nm),6.67 inches,GSM / HSPA / LTE / 5G,Yes,,https://www.gsmarena.com/oscal_tiger_13-13457.php
Oukitel,Oukitel C6,"2025, June",Available,256GB 8GB RAM,8/12,Mediatek Dimensity 6300 (6 nm),6.8 inches,GSM / HSPA / LTE / 5G,Yes,,https://www.gsmarena.com/oukitel_c6_5g-14261.php
Oukitel,Oukitel C50,"2024, June 17",Available,128GB 8GB RAM,8,Mediatek Dimensity 6100+ (6 nm),6.8 inches,GSM / HSPA / LTE / 5G,Yes,,https://www.gsmarena.com/oukitel_c50-13140.php
Realme,Realme 14x,"2025, January 24",Available,256GB 8GB RAM,6/8,Mediatek Dimensity 6300 (6 nm),6.67 inches,GSM / HSPA / LTE / 5G,Yes,15999,https://www.gsmarena.com/realme_14x-13646.php
Realme,Realme 15 Lite,"2025, October",Available,"128GB 8GB RAM, 256GB 8GB RAM",8/12,Mediatek Dimensity 7300 Energy (4 nm),6.67 inches,GSM / HSPA / LTE / 5G,Yes,,https://www.gsmarena.com/realme_15_lite_5g-14159.php
Realme,Realme Neo7x,"2025, February 25",Available,"128GB 8GB RAM, 256GB 8GB RAM",8/12,Qualcomm Snapdragon 6 Gen 4 (4 nm),6.67 inches,GSM / HSPA / LTE / 5G,Yes,,https://www.gsmarena.com/realme_neo7x-13677.php
Realme,Realme 12,"2024, March 06",Available,"128GB 8GB RAM, 256GB 8GB RAM, 512GB 8GB RAM",6/8,Mediatek Dimensity 6100+ (6 nm),6.72 inches,GSM / HSPA / LTE / 5G,Yes,17999,https://www.gsmarena.com/realme_12-12861.php
Realme,Realme 12x,"2024, March 21",Available,256GB 8GB RAM,4/6/8/12,Mediatek Dimensity 6100+ (6 nm),6.67 inches,GSM / HSPA / LTE / 5G,Yes,14999,https://www.gsmarena.com/realme_12x-12890.php
Realme,Realme 13,"2024, August 29",Available,"128GB 8GB RAM, 256GB 8GB RAM",8/12,Mediatek Dimensity 6300 (6 nm),6.72 inches,GSM / HSPA / LTE / 5G,Yes,15999,https://www.gsmarena.com/realme_13-13289.php
Realme,Realme C63 5G,"2024, August 12",Available,128GB 8GB RAM,4/6/8,Mediatek Dimensity 6300 (6 nm),6.67 inches,GSM / HSPA / LTE / 5G,Yes,,https://www.gsmarena.com/realme_c63_5g-13260.php
Realme,Realme C65 5G,"2024, April 26",Available,128GB 8GB RAM,4/6/8,Mediatek Dimensity 6300 (6 nm),6.67 inches,GSM / HSPA / LTE / 5G,Yes,12999,https://www.gsmarena.com/realme_c65_5g-12963.php
Realme,Realme Narzo 70,"2024, April 24",Available,128GB 8GB RAM,6/8,Mediatek Dimensity 7050 (6 nm),6.67 inches,GSM / HSPA / LTE / 5G,Yes,19999,https://www.gsmarena.com/realme_narzo_70-12955.php
Realme,Realme Narzo 70 Pro,"2024, March 19",Available,"128GB 8GB RAM, 256GB 8GB RAM",8,Mediatek Dimensity 7050 (6 nm),6.67 inches,GSM / HSPA / LTE / 5G,Yes,19999,https://www.gsmarena.com/realme_narzo_70_pro-12878.php
Realme,Realme Narzo 70 Turbo,"2024, September 09",Available,128GB 8GB RAM,6/8/12,Mediatek Dimensity 7300 Energy (4 nm),6.67 inches,GSM / HSPA / LTE / 5G,Yes,,https://www.gsmarena.com/realme_narzo_70_turbo-13294.php
Realme,Realme Narzo 70x,"2024, April 24",Available,128GB 8GB RAM,4/6/8,Mediatek Dimensity 6100+ (6 nm),6.72 inches,GSM / HSPA / LTE / 5G,Yes,14999,https://www.gsmarena.com/realme_narzo_70x-12954.php
Realme,Realme Narzo N65,"2024, May 28",Available,128GB 8GB RAM,4/6/8,Mediatek Dimensity 6300 (6 nm),6.67 inches,GSM / HSPA / LTE / 5G,Yes,13499,https://www.gsmarena.com/realme_narzo_n65-13047.php
Realme,Realme P1,"2024, April 15",Available,"128GB 8GB RAM, 256GB 8GB RAM",6/8,Mediatek Dimensity 7050 (6 nm),6.67 inches,GSM / HSPA / LTE / 5G,Yes,,https://www.gsmarena.com/realme_p1-12936.php
Realme,Realme P1 Speed,"2024, October 15",Available,"128GB 8GB RAM, 256GB 8GB RAM",8/12,Mediatek Dimensity 7300 Energy (4 nm),6.67 inches,GSM / HSPA / LTE / 5G,Yes,16999,https://www.gsmarena.com/realme_p1_speed-13414.php
Realme,Realme V60,"2024, June 22",Available,256GB 8GB RAM,6/8,Mediatek Dimensity 6300 (6 nm),6.67 inches,GSM / HSPA / LTE / 5G,Yes,15999,https://www.gsmarena.com/realme_v60-13165.php
Realme,Realme 10T,"2023, March 21",Available,"128GB 8GB RAM, 256GB 8GB RAM",4/8,Mediatek Dimensity 810 (6 nm),6.6 inches,GSM / HSPA / LTE / 5G,Yes,,https://www.gsmarena.com/realme_10t-12174.php
Realme,Realme 11,"2023, July 31",Available,"128GB 8GB RAM, 256GB 8GB RAM",8,Mediatek Dimensity 6100+ (6 nm),6.72 inches,GSM / HSPA / LTE / 5G,Yes,16999,https://www.gsmarena.com/realme_11-12444.php
Realme,Realme 11x,"2023, August 23",Available,128GB 8GB RAM,6/8,Mediatek Dimensity 6100+ (6 nm),6.72 inches,GSM / HSPA / LTE / 5G,Yes,15999,https://www.gsmarena.com/realme_11x-12519.php
Realme,Realme Narzo 60,"2023, July 06",Available,"128GB 8GB RAM, 256GB 8GB RAM",8,Mediatek Dimensity 6020 (7 nm),6.43 inches,GSM / HSPA / LTE / 5G,Yes,17999,https://www.gsmarena.com/realme_narzo_60-12395.php
Realme,Realme V30,"2023, February 09",Available,128GB 8GB RAM,6/8,Mediatek,6.5 inches,GSM / HSPA / LTE / 5G,Yes,15900,https://www.gsmarena.com/realme_v30-12114.php
Realme,Realme V50s,"2023, December 12",Available,256GB 8GB RAM,6/8,Mediatek Dimensity 6100+ (6 nm),6.72 inches,GSM / CDMA / HSPA / LTE / 5G,Yes,21000,https://www.gsmarena.com/realme_v50s-12703.php
Realme,Realme 10 5G,"2022, November 11",Available,"128GB 8GB RAM, 256GB 8GB RAM",8,Mediatek Dimensity 700 (7 nm),6.6 inches,GSM / HSPA / LTE / 5G,Yes,,https://www.gsmarena.com/realme_10_5g-11951.php
Realme,Realme 10 Pro,"2022, November 17",Available,"128GB 8GB RAM, 256GB 8GB RAM",6/8/12,Qualcomm SM6375 Snapdragon 695 5G (6 nm),6.72 inches,GSM / CDMA / HSPA / CDMA2000 / LTE / 5G,Yes,19999,https://www.gsmarena.com/realme_10_pro-11978.php
Realme,Realme 10s,"2022, December 16",Available,"128GB 8GB RAM, 256GB 8GB RAM",8,Mediatek Dimensity 810 (6 nm),6.6 inches,GSM / CDMA / HSPA / LTE / 5G,Yes,13000,https://www.gsmarena.com/realme_10s-12029.php
Realme,Realme 9 5G,"2022, May 12",Available,128GB 8GB RAM,4/8,Qualcomm SM6375 Snapdragon 695 5G (6 nm),6.6 inches,GSM / HSPA / LTE / 5G,Yes,,https://www.gsmarena.com/realme_9_5g-11514.php
Realme,Realme 9 5G Speed,"2022, March 10",Available,128GB 8GB RAM,6/8,Qualcomm SM7325 Snapdragon 778G 5G (6 nm),6.6 inches,GSM / HSPA / LTE / 5G,Yes,,https://www.gsmarena.com/realme_9_5g_speed-11414.php
Realme,Realme 9 Pro,"2022, February 16",Available,128GB 8GB RAM,6/8,Qualcomm SM6375 Snapdragon 695 5G (6 nm),6.6 inches,GSM / HSPA / LTE / 5G,Yes,,https://www.gsmarena.com/realme_9_pro-11317.php
Realme,Realme Narzo 50 Pro,"2022, May 18",Available,128GB 8GB RAM,6/8,Mediatek Dimensity 920 (6 nm),6.4 inches,GSM / HSPA / LTE / 5G,Yes,23999,https://www.gsmarena.com/realme_narzo_50_pro-11532.php
Realme,Realme Q5,"2022, April 20",Available,"128GB 8GB RAM, 256GB 8GB RAM",6/8,Qualcomm SM6375 Snapdragon 695 5G (6 nm),6.6 inches,GSM / HSPA / LTE / 5G,Yes,18490,https://www.gsmarena.com/realme_q5-11480.php
Realme,Realme V20,"2022, June 13",Available,128GB 8GB RAM,4/8,Mediatek Dimensity 700 (7 nm),6.5 inches,GSM / HSPA / LTE / 5G,Yes,,https://www.gsmarena.com/realme_v20-12025.php
Realme,Realme V23,"2022, April 14",Available,256GB 8GB RAM,8/12,Mediatek Dimensity 810 (6 nm),6.58 inches,GSM / HSPA / LTE / 5G,Yes,,https://www.gsmarena.com/realme_v23-11477.php
Realme,Realme 8 5G,"2021, April 21",Available,128GB 8GB RAM,4/6/8,Mediatek Dimensity 700 (7 nm),6.5 inches,GSM / HSPA / LTE / 5G,Yes,12999,https://www.gsmarena.com/realme_8_5g-10846.php
Realme,Realme 8s 5G,"2021, September 09",Available,128GB 8GB RAM,6/8,Mediatek Dimensity 810 (6 nm),6.5 inches,GSM / HSPA / LTE / 5G,Yes,,https://www.gsmarena.com/realme_8s_5g-11078.php
Realme,Realme GT 5G,"2021, March 04",Available,128GB 8GB RAM,8/12,Qualcomm SM8350 Snapdragon 888 5G (5 nm),6.43 inches,GSM / CDMA / HSPA / EVDO / LTE / 5G,Yes,,https://www.gsmarena.com/realme_gt_5g-10689.php
Realme,Realme GT Master,"2021, July 21",Available,"128GB 8GB RAM, 256GB 8GB RAM",6/8,Qualcomm SM7325 Snapdragon 778G 5G (6 nm),6.43 inches,GSM / CDMA / HSPA / EVDO / LTE / 5G,Yes,,https://www.gsmarena.com/realme_gt_master-11001.php
Realme,Realme GT Neo,"2021, March 31",Available,128GB 8GB RAM,6/8/12,Mediatek Dimensity 1200 (6 nm),6.43 inches,GSM / CDMA / HSPA / EVDO / LTE / 5G,Yes,,https://www.gsmarena.com/realme_gt_neo-10812.php
Realme,Realme GT Neo Flash,"2021, May 25",Available,256GB 8GB RAM,8/12,Mediatek Dimensity 1200 (6 nm),6.43 inches,GSM / CDMA / HSPA / EVDO / LTE / 5G,Yes,,https://www.gsmarena.com/realme_gt_neo_flash-10921.php
Realme,Realme GT Neo2T,"2021, October 19",Available,"128GB 8GB RAM, 256GB 8GB RAM",8/12,Mediatek Dimensity 1200 (6 nm),6.43 inches,GSM / CDMA / HSPA / EVDO / LTE / 5G,Yes,,https://www.gsmarena.com/realme_gt_neo2t-11163.php
Realme,Realme Narzo 30 Pro 5G,"2021, February 24",Available,128GB 8GB RAM,6/8,Mediatek Dimensity 800U (7 nm),6.5 inches,GSM / HSPA / LTE / 5G,Yes,,https://www.gsmarena.com/realme_narzo_30_pro_5g-10736.php
Realme,Realme Q3 5G,"2021, April 22",Available,128GB 8GB RAM,6/8,Qualcomm SM7225 Snapdragon 750G 5G (8 nm),6.5 inches,GSM / CDMA / HSPA / CDMA2000 / LTE / 5G,Yes,,https://www.gsmarena.com/realme_q3_5g-10870.php
Realme,Realme Q3 Pro 5G,"2021, April 22",Available,"128GB 8GB RAM, 256GB 8GB RAM",6/8,Mediatek Dimensity 1100 (6 nm),6.43 inches,GSM / CDMA / HSPA / CDMA2000 / LTE / 5G,Yes,,https://www.gsmarena.com/realme_q3_pro_5g-10871.php
Realme,Realme Q3 Pro Carnival,"2021, May 25",Available,128GB 8GB RAM,8,Qualcomm SM7250-AC Snapdragon 768G 5G (7 nm),6.43 inches,GSM / CDMA / HSPA / CDMA2000 / LTE / 5G,Yes,,https://www.gsmarena.com/realme_q3_pro_carnival-10923.php
Realme,Realme Q3s,"2021, October 19",Available,"128GB 8GB RAM, 256GB 8GB RAM",6/8,Qualcomm SM7325 Snapdragon 778G 5G (6 nm),6.6 inches,GSM / CDMA / HSPA / EVDO / LTE / 5G,Yes,,https://www.gsmarena.com/realme_q3s-11156.php
Realme,Realme Q3t,"2021, November 10",Available,256GB 8GB RAM,8,Qualcomm SM7325 Snapdragon 778G 5G (6 nm),6.6 inches,GSM / CDMA / HSPA / EVDO / LTE / 5G,Yes,,https://www.gsmarena.com/realme_q3t-11208.php
Realme,Realme V13 5G,"2021, March 31",Available,"128GB 8GB RAM, 256GB 8GB RAM",8,Mediatek Dimensity 700 (7 nm),6.5 inches,GSM / HSPA / LTE / 5G,Yes,,https://www.gsmarena.com/realme_v13_5g-10822.php
Realme,Realme X7 Max 5G,"2021, May 31",Available,128GB 8GB RAM,8/12,Mediatek Dimensity 1200 (6 nm),6.43 inches,GSM / HSPA / LTE / 5G,Yes,,https://www.gsmarena.com/realme_x7_max_5g-10883.php
Realme,Realme 7 5G,"2020, November 19. Released 2020, November 27",Discontinued,128GB 8GB RAM,6/8,Mediatek Dimensity 800U (7 nm),6.5 inches,GSM / HSPA / LTE / 5G,Yes,,https://www.gsmarena.com/realme_7_5g-10590.php
Realme,Realme V3,"2020, September 01. Released 2020, September 10",Discontinued,128GB 8GB RAM,6/8,Mediatek Dimensity 720 (7 nm),6.5 inches,GSM / CDMA / HSPA / EVDO / LTE / 5G,Yes,,https://www.gsmarena.com/realme_v3-10409.php
Realme,Realme V5 5G,"2020, August 03. Released 2020, August 07",Discontinued,128GB 8GB RAM,6/8,Mediatek Dimensity 720 (7 nm),6.5 inches,GSM / CDMA / HSPA / EVDO / LTE / 5G,Yes,,https://www.gsmarena.com/realme_v5_5g-10352.php
Samsung,Samsung Galaxy F15,"2024, March 04",Available,128GB 8GB RAM,4/6/8,Mediatek Dimensity 6100+ (6 nm),6.6 inches,GSM / HSPA / LTE / 5G,Yes,15449,https://www.gsmarena.com/samsung_galaxy_f15-12831.php
Samsung,Samsung Galaxy M15,"2024, March 09",Available,"128GB 8GB RAM, 256GB 8GB RAM",4/6/8,Mediatek Dimensity 6100+ (6 nm),6.5 inches,GSM / HSPA / LTE / 5G,Yes,16994,https://www.gsmarena.com/samsung_galaxy_m15-12833.php
Samsung,Samsung Galaxy A14 5G,"2023, January 04",Available,128GB 8GB RAM,4/6/8,Exynos 1330 (5 nm) - SM-A146B Mediatek Dimensity 700 (7 nm) - SM-A146P,6.6 inches,GSM / HSPA / LTE / 5G,Yes,,https://www.gsmarena.com/samsung_galaxy_a14_5g-12004.php
Samsung,Samsung Galaxy A15 5G,"2023, December 11",Available,"128GB 8GB RAM, 256GB 8GB RAM",4/6/8,Mediatek Dimensity 6100+ (6 nm),6.5 inches,GSM / HSPA / LTE / 5G,Yes,,https://www.gsmarena.com/samsung_galaxy_a15_5g-12638.php
Samsung,Samsung Galaxy A25,"2023, December 11",Available,"128GB 8GB RAM, 256GB 8GB RAM",4/6/8,Exynos 1280 (5 nm),6.5 inches,GSM / HSPA / LTE / 5G,Yes,27809,https://www.gsmarena.com/samsung_galaxy_a25-12555.php
Samsung,Samsung Galaxy F34,"2023, August 07",Available,128GB 8GB RAM,6/8,Exynos 1280 (5 nm),6.5 inches,GSM / HSPA / LTE / 5G,Yes,,https://www.gsmarena.com/samsung_galaxy_f34-12453.php
Samsung,Samsung Galaxy M34 5G,"2023, July 03",Available,"128GB 8GB RAM, 256GB 8GB RAM",6/8,Exynos 1280 (5 nm),6.5 inches,GSM / HSPA / LTE / 5G,Yes,,https://www.gsmarena.com/samsung_galaxy_m34_5g-11290.php
Samsung,Samsung Galaxy A23 5G,"2022, August 05",Available,128GB 8GB RAM,4/6/8,Qualcomm SM6375 Snapdragon 695 5G (6 nm),6.6 inches,GSM / HSPA / LTE / 5G,Yes,,https://www.gsmarena.com/samsung_galaxy_a23_5g-11736.php
Samsung,Samsung Galaxy M33,"2022, March 04",Available,128GB 8GB RAM,6/8,Exynos 1280 (5 nm),6.6 inches,GSM / HSPA / LTE / 5G,Yes,21114,https://www.gsmarena.com/samsung_galaxy_m33-11404.php
Samsung,Samsung Galaxy A22 5G,"2021, June 03",Available,128GB 8GB RAM,4/6/8,Mediatek Dimensity 700 (7 nm),6.6 inches,GSM / HSPA / LTE / 5G,Yes,,https://www.gsmarena.com/samsung_galaxy_a22_5g-10873.php
Samsung,Samsung Galaxy A32 5G,"2021, January 13",Available,128GB 8GB RAM,4/6/8,Mediatek Dimensity 720 (7 nm),6.5 inches,GSM / CDMA / HSPA / LTE / 5G,Yes,,https://www.gsmarena.com/samsung_galaxy_a32_5g-10648.php
Samsung,Samsung Galaxy A52 5G,"2021, March 17",Available,"128GB 8GB RAM, 256GB 8GB RAM",4/6/8,Qualcomm SM7225 Snapdragon 750G 5G (8 nm),6.5 inches,GSM / HSPA / LTE / 5G,Yes,,https://www.gsmarena.com/samsung_galaxy_a52_5g-10631.php
Samsung,Samsung Galaxy A52s 5G,"2021, August 17",Available,"128GB 8GB RAM, 256GB 8GB RAM",4/6/8,Qualcomm SM7325 Snapdragon 778G 5G (6 nm),6.5 inches,GSM / HSPA / LTE / 5G,Yes,,https://www.gsmarena.com/samsung_galaxy_a52s_5g-11039.php
Samsung,Samsung Galaxy F42 5G,"2021, September 29",Available,128GB 8GB RAM,6/8,Mediatek Dimensity 700 (7 nm),6.6 inches,GSM / HSPA / LTE / 5G,Yes,,https://www.gsmarena.com/samsung_galaxy_f42_5g-11124.php
Samsung,Samsung Galaxy F52 5G,"2021, May 20",Available,128GB 8GB RAM,8,Qualcomm SM7225 Snapdragon 750G 5G (8 nm),6.6 inches,GSM / HSPA / LTE / 5G,Yes,,https://www.gsmarena.com/samsung_galaxy_f52_5g-10900.php
Samsung,Samsung Galaxy M32 5G,"2021, August 25",Available,128GB 8GB RAM,6/8,Mediatek Dimensity 720 (7 nm),6.5 inches,GSM / HSPA / LTE / 5G,Yes,,https://www.gsmarena.com/samsung_galaxy_m32_5g-11062.php
Samsung,Samsung Galaxy M42 5G,"2021, April 28",Available,128GB 8GB RAM,6/8,Qualcomm SM7225 Snapdragon 750G 5G (8 nm),6.6 inches,GSM / HSPA / LTE / 5G,Yes,,https://www.gsmarena.com/samsung_galaxy_m42_5g-10848.php
Samsung,Samsung Galaxy A Quantum,"2020, May 14. Released 2020, May 22",Discontinued,128GB 8GB RAM,8,"Exynos 980 (8 nm), QRNG security chipset",6.7 inches,GSM / HSPA / LTE / 5G,Yes,,https://www.gsmarena.com/samsung_galaxy_a_quantum-10243.php
Samsung,Samsung Galaxy A42 5G,"2020, September 02",Available,128GB 8GB RAM,4/6/8,Qualcomm SM7225 Snapdragon 750 5G (8 nm),6.6 inches,GSM / HSPA / LTE / 5G,Yes,,https://www.gsmarena.com/samsung_galaxy_a42_5g-10412.php
Samsung,Samsung Galaxy A51 5G,"2020, April 08",Available,128GB 8GB RAM,4/6/8,Exynos 980 (8 nm),6.5 inches,GSM / HSPA / LTE / 5G,Yes,,https://www.gsmarena.com/samsung_galaxy_a51_5g-10157.php
Samsung,Samsung Galaxy A71 5G,"2020, April 08",Available,128GB 8GB RAM,6/8,Exynos 980 (8 nm),6.7 inches,GSM / CDMA / HSPA / EVDO / LTE / 5G,Yes,,https://www.gsmarena.com/samsung_galaxy_a71_5g-10146.php
Samsung,Samsung Galaxy A71 5G UW,"2020, July 07",Available,128GB 8GB RAM,8,Qualcomm SM7250 Snapdragon 765G 5G (7 nm),6.7 inches,GSM / HSPA / LTE / 5G,Yes,,https://www.gsmarena.com/samsung_galaxy_a71_5g_uw-10276.php
Samsung,Samsung Galaxy S10 5G,"2019, February. Released 2019, April",Discontinued,"128GB 8GB RAM, 256GB 8GB RAM, 512GB 8GB RAM",8,Exynos 9820 (8 nm) - Global Qualcomm SM8150 Snapdragon 855 (7 nm) - USA,6.7 inches,GSM / CDMA / HSPA / EVDO / LTE / 5G,Yes,,https://www.gsmarena.com/samsung_galaxy_s10_5g-9588.php
Sharp,Sharp Aquos wish5,"2025, May 29",Available,256GB 8GB RAM,4/6/8,Mediatek Dimensity 6300 (6 nm),6.6 inches,GSM / HSPA / LTE / 5G,Yes,,https://www.gsmarena.com/sharp_aquos_wish5_5g-13995.php
Sharp,Sharp Aquos sense8,"2024, January 17",Available,256GB 8GB RAM,8,Qualcomm SM6450 Snapdragon 6 Gen 1 (4 nm),6.1 inches,GSM / HSPA / LTE / 5G,Yes,,https://www.gsmarena.com/sharp_aquos_sense8-12904.php
Sharp,Sharp Aquos R8s,"2023, December 06",Available,256GB 8GB RAM,8,Qualcomm SM8550-AB Snapdragon 8 Gen 2 (4 nm),6.4 inches,GSM / HSPA / LTE / 5G,Yes,,https://www.gsmarena.com/sharp_aquos_r8s-12903.php
Sharp,Sharp Aquos zero6,"2021, October 14. Released 2021, October 14",Discontinued,128GB 8GB RAM,8,Qualcomm SM7225 Snapdragon 750G 5G (8 nm),6.4 inches,GSM / HSPA / LTE / 5G,Yes,,https://www.gsmarena.com/sharp_aquos_zero6-11846.php
Sharp,Sharp Aquos sense5G,"2020, September 25. Released 2021, June 10",Discontinued,128GB 8GB RAM,8,Qualcomm SM6350 Snapdragon 690 5G (8 nm),5.8 inches,GSM / HSPA / LTE / 5G,Yes,,https://www.gsmarena.com/sharp_aquos_sense5g-11845.php
Sony,Sony Xperia 10 VII,"2025, September 12",Available,128GB 8GB RAM,8,Qualcomm SM6475-AB Snapdragon 6 Gen 3 (4 nm),6.1 inches,GSM / HSPA / LTE / 5G,Yes,,https://www.gsmarena.com/sony_xperia_10_vii_5g-14137.php
Sony,Sony Xperia 10 VI,"2024, May 15",Available,128GB 8GB RAM,8,Qualcomm SM6450 Snapdragon 6 Gen 1 (4 nm),6.1 inches,GSM / HSPA / LTE / 5G,Yes,,https://www.gsmarena.com/sony_xperia_10_vi-13002.php
Sony,Sony Xperia 10 V,"2023, May 11",Available,128GB 8GB RAM,6/8,Qualcomm SM6375 Snapdragon 695 5G (6 nm),6.1 inches,GSM / HSPA / LTE / 5G,Yes,,https://www.gsmarena.com/sony_xperia_10_v-12264.php
Sony,Sony Xperia 5 V,"2023, September 01",Available,"128GB 8GB RAM, 256GB 8GB RAM",8,Qualcomm SM8550-AB Snapdragon 8 Gen 2 (4 nm),6.1 inches,GSM / HSPA / LTE / 5G,Yes,,https://www.gsmarena.com/sony_xperia_5_v-12534.php
Sony,Sony Xperia 5 IV,"2022, September 01",Available,"128GB 8GB RAM, 256GB 8GB RAM",8,Qualcomm SM8450 Snapdragon 8 Gen 1 (4 nm),6.1 inches,GSM / HSPA / LTE / 5G,Yes,,https://www.gsmarena.com/sony_xperia_5_iv-11838.php
Sony,Sony Xperia 5 III,"2021, April 14",Available,"128GB 8GB RAM, 256GB 8GB RAM",8,Qualcomm SM8350 Snapdragon 888 5G (5 nm),6.1 inches,GSM / HSPA / LTE / 5G,Yes,,https://www.gsmarena.com/sony_xperia_5_iii-10851.php
Sony,Sony Xperia 1 II,"2020, February 24",Available,256GB 8GB RAM,8/12,Qualcomm SM8250 Snapdragon 865 5G (7 nm+),6.5 inches,GSM / HSPA / LTE / 5G,Yes,,https://www.gsmarena.com/sony_xperia_1_ii-10096.php
Sony,Sony Xperia 5 II,"2020, September 17",Available,"128GB 8GB RAM, 256GB 8GB RAM",8,Qualcomm SM8250 Snapdragon 865 5G (7 nm+),6.1 inches,GSM / HSPA / LTE / 5G,Yes,,https://www.gsmarena.com/sony_xperia_5_ii-10396.php
T-Mobile,T-Mobile REVVL 7 Pro,"2024, May 13",Available,256GB 8GB RAM,8,Qualcomm SM6450 Snapdragon 6 Gen 1 (4 nm),6.78 inches,GSM / HSPA / LTE / 5G,Yes,,https://www.gsmarena.com/t_mobile_revvl_7_pro-13145.php
TCL,TCL 60 SE NxtPaper,"2025, March 03",Available,256GB 8GB RAM,8,Mediatek Dimensity 6300 (6 nm),6.7 inches,GSM / HSPA / LTE / 5G,Yes,,https://www.gsmarena.com/tcl_60_se_nxtpaper_5g-13830.php
TCL,TCL 60 XE NxtPaper,"2025, March 03",Available,256GB 8GB RAM,6/8,Mediatek Dimensity 6100+ (6 nm),6.78 inches,GSM / HSPA / LTE / 5G,Yes,,https://www.gsmarena.com/tcl_60_xe_nxtpaper-13842.php
TCL,TCL 50 NxtPaper,"2024, September 04",Available,256GB 8GB RAM,8,Mediatek Dimensity 6300 (6 nm),6.8 inches,GSM / HSPA / LTE / 5G,Yes,,https://www.gsmarena.com/tcl_50_nxtpaper-13301.php
TCL,TCL 50 Pro NxtPaper,"2024, September 04",Available,512GB 8GB RAM,8,Mediatek Dimensity 6300 (6 nm),6.8 inches,GSM / HSPA / LTE / 5G,Yes,,https://www.gsmarena.com/tcl_50_pro_nxtpaper-13300.php
Tecno,Tecno Spark 50,"2026, March 27",Available,256GB 8GB RAM,4/6/8,Mediatek Dimensity 6400 (6 nm),6.78 inches,GSM / HSPA / LTE / 5G,Yes,,https://www.gsmarena.com/tecno_spark_50_5g-14566.php
Tecno,Tecno Pova 7 Pro,"2025, July 04",Available,"128GB 8GB RAM, 256GB 8GB RAM",8/12,Mediatek Dimensity 7300 Ultimate (4 nm),6.78 inches,GSM / HSPA / LTE / 5G,Yes,18374,https://www.gsmarena.com/tecno_pova_7_pro_5g-13990.php
Tecno,Tecno Spark 40,"2025, August",Available,256GB 8GB RAM,4/8,Mediatek Dimensity 6400 (6 nm),6.75 inches,GSM / HSPA / LTE / 5G,Yes,,https://www.gsmarena.com/tecno_spark_40_5g-14568.php
Tecno,Tecno Spark Go,"2025, August 14",Available,256GB 8GB RAM,4/8,Mediatek Dimensity 6400 (6 nm),6.75 inches,GSM / HSPA / LTE / 5G,Yes,,https://www.gsmarena.com/tecno_spark_go_5g-14074.php
Tecno,Tecno Pova 6 Neo 5G,"2024, September 11",Available,256GB 8GB RAM,6/8,Mediatek Dimensity 6300 (6 nm),6.67 inches,GSM / HSPA / LTE / 5G,Yes,,https://www.gsmarena.com/tecno_pova_6_neo_5g-13326.php
Tecno,Tecno Pova 6 Pro,"2024, February 26",Available,256GB 8GB RAM,8/12,Mediatek Dimensity 6080 (6 nm),6.78 inches,GSM / HSPA / LTE / 5G,Yes,,https://www.gsmarena.com/tecno_pova_6_pro-12830.php
Tecno,Tecno Spark 30 5G,"2024, October 02",Available,256GB 8GB RAM,6/8,Mediatek Dimensity 6300 (6 nm),6.67 inches,GSM / HSPA / LTE / 5G,Yes,,https://www.gsmarena.com/tecno_spark_30_5g-13384.php
Tecno,Tecno Spark 30C 5G,"2024, October 02",Available,128GB 8GB RAM,4/8,Mediatek Dimensity 6300 (6 nm),6.67 inches,GSM / HSPA / LTE / 5G,Yes,,https://www.gsmarena.com/tecno_spark_30c_5g-13385.php
Tecno,Tecno Camon 20 Pro 5G,"2023, May 09",Available,256GB 8GB RAM,8,Mediatek Dimensity 8050 (6 nm),6.67 inches,GSM / HSPA / LTE / 5G,Yes,,https://www.gsmarena.com/tecno_camon_20_pro_5g-12255.php
Tecno,Tecno Camon 20s Pro 5G,"2023, November 17",Available,"128GB 8GB RAM, 256GB 8GB RAM",8,Mediatek Dimensity 8020 (6 nm),6.67 inches,GSM / HSPA / LTE / 5G,Yes,,https://www.gsmarena.com/tecno_camon_20s_pro_5g-12933.php
Tecno,Tecno Pova 5 Pro,"2023, August 01",Available,"128GB 8GB RAM, 256GB 8GB RAM",8,Mediatek Dimensity 6080 (6 nm),6.78 inches,GSM / HSPA / LTE / 5G,Yes,14999,https://www.gsmarena.com/tecno_pova_5_pro-12448.php
Tecno,Tecno Spark 10 5G,"2023, March 23",Available,"128GB 8GB RAM, 256GB 8GB RAM",4/8,Mediatek Dimensity 6020 (7 nm),6.6 inches,GSM / HSPA / LTE / 5G,Yes,13999,https://www.gsmarena.com/tecno_spark_10_5g-12179.php
Tecno,Tecno Camon 19 Pro 5G,"2022, June 15",Available,"128GB 8GB RAM, 256GB 8GB RAM",8,Mediatek Dimensity 810 (6 nm),6.8 inches,GSM / HSPA / LTE / 5G,Yes,,https://www.gsmarena.com/tecno_camon_19_pro_5g-11625.php
Tecno,Tecno Pova 5G,"2021, December 27",Available,128GB 8GB RAM,8,Mediatek Dimensity 900 (6 nm),6.9 inches,GSM / HSPA / LTE / 5G,Yes,,https://www.gsmarena.com/tecno_pova_5g-11289.php
Ulefone,Ulefone Armor X16 Pro,"2025, July",Available,256GB 8GB RAM,8,Mediatek Dimensity 6300 (6 nm),6.56 inches,GSM / CDMA / HSPA / LTE / 5G,Yes,,https://www.gsmarena.com/ulefone_armor_x16_pro_5g-14000.php
Ulefone,Ulefone Armor X32 Pro,"2025, April 03",Available,256GB 8GB RAM,8,Mediatek Dimensity 6300 (6 nm),5.65 inches,GSM / CDMA / HSPA / LTE / 5G,Yes,,https://www.gsmarena.com/ulefone_armor_x32_pro_5g-13777.php
Ulefone,Ulefone Armor Mini 20 Pro,"2024, September",Available,256GB 8GB RAM,8,Mediatek Dimensity 6300 (6 nm),4.7 inches,GSM / CDMA / HSPA / CDMA2000 / LTE / 5G,Yes,,https://www.gsmarena.com/ulefone_armor_mini_20_pro-13445.php
Ulefone,Ulefone Armor Mini 20T Pro,"2024, September 03",Available,256GB 8GB RAM,8,Mediatek Dimensity 6300 (6 nm),4.7 inches,GSM / CDMA / HSPA / CDMA2000 / LTE / 5G,Yes,,https://www.gsmarena.com/ulefone_armor_mini_20t_pro-13298.php
Ulefone,Ulefone Armor X31 Pro,"2024, December 21",Available,256GB 8GB RAM,8,Mediatek Dimensity 6300 (6 nm),6.56 inches,GSM / CDMA / HSPA / LTE / 5G,Yes,,https://www.gsmarena.com/ulefone_armor_x31_pro-13589.php
Ulefone,Ulefone Armor 11 5G,"2021, February 18",Available,256GB 8GB RAM,8,Mediatek Dimensity 800 (7 nm),6.1 inches,GSM / CDMA / HSPA / EVDO / LTE / 5G,Yes,,https://www.gsmarena.com/ulefone_armor_11_5g-10782.php
Ulefone,Ulefone Armor 11T 5G,"2021, May 29",Available,256GB 8GB RAM,8,Mediatek Dimensity 800 (7 nm),6.1 inches,GSM / CDMA / HSPA / EVDO / LTE / 5G,Yes,,https://www.gsmarena.com/ulefone_armor_11t_5g-10974.php
Ulefone,Ulefone Armor 10 5G,"2020, November 17. Released 2020, December 07",Discontinued,128GB 8GB RAM,8,Mediatek Dimensity 800 (7 nm),6.67 inches,GSM / CDMA / HSPA / EVDO / LTE / 5G,Yes,,https://www.gsmarena.com/ulefone_armor_10_5g-10629.php
Ulefone,Ulefone Armor 8 5G,"2020, September 21",Cancelled,256GB 8GB RAM,8,Mediatek Dimensity 800 (7 nm),6.1 inches,GSM / HSPA / LTE / 5G,Yes,,https://www.gsmarena.com/ulefone_armor_8_5g-10472.php
Umidigi,Umidigi Note 100,"2025, February 13",Available,256GB 8GB RAM,6/8,Unisoc T765 (6 nm),6.8 inches,GSM / HSPA / LTE / 5G,Yes,,https://www.gsmarena.com/umidigi_note_100_5g-13725.php
vivo,vivo Y21,"2026, March 26",Available,"128GB 8GB RAM, 256GB 8GB RAM",4/6/8,Mediatek Dimensity 6300 (6 nm),6.74 inches,GSM / HSPA / LTE / 5G,Yes,22999,https://www.gsmarena.com/vivo_y21_5g-14561.php
vivo,vivo Y60,"2026, April 06",Available,256GB 8GB RAM,6/8,Qualcomm SM4450 Snapdragon 4 Gen 2 (4 nm),6.74 inches,GSM / HSPA / LTE / 5G,Yes,22990,https://www.gsmarena.com/vivo_y60_5g-14633.php
vivo,vivo Y6t,"2026, April 20",Available,128GB 8GB RAM,6/8,Qualcomm SM4450 Snapdragon 4 Gen 2 (4 nm),6.74 inches,GSM / HSPA / LTE / 5G,Yes,,https://www.gsmarena.com/vivo_y6t_5g-14649.php
vivo,vivo iQOO Z11i,"2026, April 06",Available,"128GB 8GB RAM, 256GB 8GB RAM",6/8,Qualcomm SM4450 Snapdragon 4 Gen 2 (4 nm),6.74 inches,GSM / HSPA / LTE / 5G,Yes,,https://www.gsmarena.com/vivo_iqoo_z11i_5g-14771.php
vivo,vivo T4 Lite,"2025, June 24",Available,256GB 8GB RAM,4/6/8,Mediatek Dimensity 6300 (6 nm),6.74 inches,GSM / HSPA / LTE / 5G,Yes,,https://www.gsmarena.com/vivo_t4_lite_5g-13961.php
vivo,vivo Y19s GT,"2025, July 13",Available,"128GB 8GB RAM, 256GB 8GB RAM",6/8,Mediatek Dimensity 6300 (6 nm),6.74 inches,GSM / HSPA / LTE / 5G,Yes,,https://www.gsmarena.com/vivo_y19s_gt_5g-14045.php
vivo,vivo Y29s,"2025, March 11",Available,256GB 8GB RAM,6/8,Mediatek Dimensity 6300 (6 nm),6.74 inches,GSM / HSPA / LTE / 5G,Yes,,https://www.gsmarena.com/vivo_y29s-13717.php
vivo,vivo iQOO Z10 Lite,"2025, June 18",Available,256GB 8GB RAM,4/6/8,Mediatek Dimensity 6300 (6 nm),6.74 inches,GSM / HSPA / LTE / 5G,Yes,16999,https://www.gsmarena.com/vivo_iqoo_z10_lite_5g-13959.php
vivo,vivo G2,"2024, January 19",Available,"128GB 8GB RAM, 256GB 8GB RAM",4/6/8,Mediatek Dimensity 6020 (7 nm),6.56 inches,GSM / HSPA / LTE / 5G,Yes,22999,https://www.gsmarena.com/vivo_g2-12800.php
vivo,vivo T3x,"2024, April 17",Available,"128GB 8GB RAM, 256GB 8GB RAM",4/6/8,Qualcomm SM6450 Snapdragon 6 Gen 1 (4 nm),6.72 inches,GSM / HSPA / LTE / 5G,Yes,15999,https://www.gsmarena.com/vivo_t3x-12938.php
vivo,vivo Y100t,"2024, February 23",Available,256GB 8GB RAM,8/12,Mediatek Dimensity 8200 (4 nm),6.64 inches,GSM / CDMA / HSPA / CDMA2000 / LTE / 5G,Yes,21999,https://www.gsmarena.com/vivo_y100t-12839.php
vivo,vivo Y200i,"2024, April 21",Available,256GB 8GB RAM,8/12,Qualcomm SM4450 Snapdragon 4 Gen 2 (4 nm),6.72 inches,GSM / CDMA / HSPA / LTE / 5G,Yes,,https://www.gsmarena.com/vivo_y200i-12946.php
vivo,vivo Y200t,"2024, May 20",Available,"128GB 8GB RAM, 256GB 8GB RAM",8/12,Qualcomm SM6450 Snapdragon 6 Gen 1 (4 nm),6.72 inches,GSM / CDMA / HSPA / LTE / 5G,Yes,25999,https://www.gsmarena.com/vivo_y200t-13017.php
vivo,vivo Y28,"2024, January 07",Available,128GB 8GB RAM,4/6/8,Mediatek Dimensity 6020 (7 nm),6.56 inches,GSM / HSPA / LTE / 5G,Yes,,https://www.gsmarena.com/vivo_y28-12860.php
vivo,vivo Y28s,"2024, June 26",Available,"128GB 8GB RAM, 256GB 8GB RAM",4/6/8,Mediatek Dimensity 6300 (6 nm),6.56 inches,GSM / HSPA / LTE / 5G,Yes,15999,https://www.gsmarena.com/vivo_y28s-13171.php
vivo,vivo Y29,"2024, December 24",Available,"128GB 8GB RAM, 256GB 8GB RAM",4/6/8,Mediatek Dimensity 6300 (6 nm),6.68 inches,GSM / HSPA / LTE / 5G,Yes,16999,https://www.gsmarena.com/vivo_y29-13587.php
vivo,vivo Y37,"2024, July 15",Available,"128GB 8GB RAM, 256GB 8GB RAM",4/6/8/12,Mediatek Dimensity 6300 (6 nm),6.56 inches,GSM / CDMA / HSPA / CDMA2000 / LTE / 5G,Yes,,https://www.gsmarena.com/vivo_y37-13309.php
vivo,vivo Y37 Pro,"2024, August 29",Available,256GB 8GB RAM,8,Qualcomm SM4450 Snapdragon 4 Gen 2 (4 nm),6.68 inches,GSM / CDMA / HSPA / CDMA2000 / LTE / 5G,Yes,,https://www.gsmarena.com/vivo_y37_pro-13308.php
vivo,vivo Y38,"2024, May 02",Available,256GB 8GB RAM,8,Qualcomm SM4450 Snapdragon 4 Gen 2 (4 nm),6.68 inches,GSM / HSPA / LTE / 5G,Yes,21990,https://www.gsmarena.com/vivo_y38-12973.php
vivo,vivo Y58,"2024, June 20",Available,128GB 8GB RAM,8,Qualcomm SM4450 Snapdragon 4 Gen 2 (4 nm),6.72 inches,GSM / HSPA / LTE / 5G,Yes,,https://www.gsmarena.com/vivo_y58-13156.php
vivo,vivo iQOO Z9x,"2024, April 24",Available,"128GB 8GB RAM, 256GB 8GB RAM",4/6/8/12,Qualcomm SM6450 Snapdragon 6 Gen 1 (4 nm),6.72 inches,GSM / CDMA / HSPA / LTE / 5G,Yes,,https://www.gsmarena.com/vivo_iqoo_z9x-12958.php
vivo,vivo Y100,"2023, February 16",Available,128GB 8GB RAM,8,Mediatek Dimensity 900 (6 nm),6.38 inches,GSM / HSPA / LTE / 5G,Yes,,https://www.gsmarena.com/vivo_y100-12121.php
vivo,vivo Y100i,"2023, November 30",Available,"128GB 8GB RAM, 256GB 8GB RAM",8/12,Mediatek Dimensity 6020 (7 nm),6.64 inches,GSM / CDMA / HSPA / CDMA2000 / LTE / 5G,Yes,,https://www.gsmarena.com/vivo_y100i-12718.php
vivo,vivo Y27 5G,"2023, July 12",Available,"128GB 8GB RAM, 256GB 8GB RAM",4/6/8,Mediatek Dimensity 6020 (7 nm),6.64 inches,GSM / HSPA / LTE / 5G,Yes,,https://www.gsmarena.com/vivo_y27_5g-12624.php
vivo,vivo Y36 5G,"2023, May 27",Available,256GB 8GB RAM,8,Mediatek Dimensity 6020 (7 nm),6.64 inches,GSM / HSPA / LTE / 5G,Yes,,https://www.gsmarena.com/vivo_y36_5g-12375.php
vivo,vivo Y56,"2023, February 17",Available,128GB 8GB RAM,4/8,Mediatek Dimensity 700 (7 nm),6.58 inches,GSM / HSPA / LTE / 5G,Yes,,https://www.gsmarena.com/vivo_y56-12125.php
vivo,vivo Y77t,"2023, August 18",Available,256GB 8GB RAM,8/12,Mediatek Dimensity 7020 (6 nm),6.64 inches,GSM / CDMA / HSPA / CDMA2000 / LTE / 5G,Yes,,https://www.gsmarena.com/vivo_y77t-12482.php
vivo,vivo Y78,"2023, May 29",Available,256GB 8GB RAM,8,Qualcomm SM6375 Snapdragon 695 5G (6 nm),6.78 inches,GSM / HSPA / LTE / 5G,Yes,,https://www.gsmarena.com/vivo_y78-12299.php
vivo,vivo Y78t,"2023, October 20",Available,"128GB 8GB RAM, 256GB 8GB RAM",8/12,Qualcomm SM6450 Snapdragon 6 Gen 1 (4 nm),6.64 inches,GSM / CDMA / HSPA / CDMA2000 / LTE / 5G,Yes,,https://www.gsmarena.com/vivo_y78t-12631.php
vivo,vivo iQOO Z7,"2023, March 17",Available,128GB 8GB RAM,6/8,Mediatek Dimensity 920 (6 nm),6.38 inches,GSM / HSPA / LTE / 5G,Yes,20500,https://www.gsmarena.com/vivo_iqoo_z7-12163.php
vivo,vivo iQOO Z7i,"2023, March 13",Available,128GB 8GB RAM,4/6/8,Mediatek Dimensity 6020 (7 nm),6.51 inches,GSM / CDMA / HSPA / CDMA2000 / LTE / 5G,Yes,,https://www.gsmarena.com/vivo_iqoo_z7i-12171.php
vivo,vivo iQOO Z7s,"2023, May 22",Available,128GB 8GB RAM,6/8,Qualcomm SM6375 Snapdragon 695 5G (6 nm),6.38 inches,GSM / HSPA / LTE / 5G,Yes,19999,https://www.gsmarena.com/vivo_iqoo_z7s-12287.php
vivo,vivo iQOO Z7x,"2023, March 20",Available,"128GB 8GB RAM, 256GB 8GB RAM",6/8/12,Qualcomm SM6375 Snapdragon 695 5G (6 nm),6.64 inches,GSM / CDMA / HSPA / CDMA2000 / LTE / 5G,Yes,,https://www.gsmarena.com/vivo_iqoo_z7x-12183.php
vivo,vivo iQOO Z8x,"2023, August 31",Available,"128GB 8GB RAM, 256GB 8GB RAM",8/12,Qualcomm SM6450 Snapdragon 6 Gen 1 (4 nm),6.64 inches,GSM / CDMA / HSPA / CDMA2000 / LTE / 5G,Yes,16990,https://www.gsmarena.com/vivo_iqoo_z8x-12610.php
vivo,vivo T1 5G,"2022, February 09",Available,"128GB 8GB RAM, 256GB 8GB RAM",4/6/8,Qualcomm SM6375 Snapdragon 695 5G (6 nm) Mediatek Dimensity 810 (6 nm) - Indonesia,6.58 inches,GSM / HSPA / LTE / 5G,Yes,,https://www.gsmarena.com/vivo_t1_5g-11351.php
vivo,vivo T2x,"2022, May 30",Available,"128GB 8GB RAM, 256GB 8GB RAM",6/8,Mediatek Dimensity 1300 (6 nm),6.58 inches,GSM / CDMA / HSPA / CDMA2000 / LTE / 5G,Yes,14999,https://www.gsmarena.com/vivo_t2x-11554.php
vivo,vivo Y33s 5G,"2022, March 01",Available,128GB 8GB RAM,4/6/8,Mediatek Dimensity 700 (7 nm),6.51 inches,GSM / CDMA / HSPA / CDMA2000 / LTE / 5G,Yes,,https://www.gsmarena.com/vivo_y33s_5g-11391.php
vivo,vivo Y35 5G,"2022, December 09",Available,128GB 8GB RAM,4/6/8,Mediatek Dimensity 700 (7 nm),6.51 inches,GSM / CDMA / HSPA / CDMA2000 / LTE / 5G,Yes,,https://www.gsmarena.com/vivo_y35_5g-12019.php
vivo,vivo Y52t,"2022, September 18",Available,"128GB 8GB RAM, 256GB 8GB RAM",8,Mediatek Dimensity 700 (7 nm),6.51 inches,GSM / CDMA / HSPA / CDMA2000 / LTE / 5G,Yes,,https://www.gsmarena.com/vivo_y52t-11885.php
vivo,vivo Y72t,"2022, May 23",Available,"128GB 8GB RAM, 256GB 8GB RAM",8,Mediatek Dimensity 700 (7 nm),6.58 inches,GSM / CDMA / HSPA / CDMA2000 / LTE / 5G,Yes,,https://www.gsmarena.com/vivo_y72t-11548.php
vivo,vivo Y73t,"2022, September 29",Available,"128GB 8GB RAM, 256GB 8GB RAM",8/12,Mediatek Dimensity 700 (7 nm),6.58 inches,GSM / CDMA / HSPA / CDMA2000 / LTE / 5G,Yes,,https://www.gsmarena.com/vivo_y73t-11914.php
vivo,vivo Y75 5G,"2022, January 27",Available,128GB 8GB RAM,8,Mediatek Dimensity 700 (7 nm),6.58 inches,GSM / HSPA / LTE / 5G,Yes,21990,https://www.gsmarena.com/vivo_y75_5g-11338.php
vivo,vivo Y75s,"2022, September 07",Available,256GB 8GB RAM,8/12,Mediatek Dimensity 700 (7 nm),6.58 inches,GSM / CDMA / HSPA / CDMA2000 / LTE / 5G,Yes,,https://www.gsmarena.com/vivo_y75s-11863.php
vivo,vivo Y77,"2022, July 04",Available,"128GB 8GB RAM, 256GB 8GB RAM",8,Mediatek Dimensity 810 (6 nm),6.58 inches,GSM / HSPA / LTE / 5G,Yes,,https://www.gsmarena.com/vivo_y77-11650.php
vivo,vivo Y77e,"2022, August 12",Available,"128GB 8GB RAM, 256GB 8GB RAM",6/8,Mediatek Dimensity 810 (6 nm),6.58 inches,GSM / CDMA / HSPA / CDMA2000 / LTE / 5G,Yes,,https://www.gsmarena.com/vivo_y77e-11767.php
vivo,vivo iQOO Z6,"2022, March 16",Available,128GB 8GB RAM,4/6/8,Qualcomm SM6375 Snapdragon 695 5G (6 nm),6.58 inches,GSM / HSPA / LTE / 5G,Yes,,https://www.gsmarena.com/vivo_iqoo_z6-11416.php
vivo,vivo iQOO Z6x,"2022, August 25",Available,"128GB 8GB RAM, 256GB 8GB RAM",6/8,Mediatek Dimensity 810 (6 nm),6.58 inches,GSM / CDMA / HSPA / CDMA2000 / LTE / 5G,Yes,,https://www.gsmarena.com/vivo_iqoo_z6x-11824.php
vivo,vivo T1,"2021, October 20",Available,"128GB 8GB RAM, 256GB 8GB RAM",8/12,Qualcomm SM7325 Snapdragon 778G 5G (6 nm),6.67 inches,GSM / CDMA / HSPA / CDMA2000 / LTE / 5G,Yes,,https://www.gsmarena.com/vivo_t1-11166.php
vivo,vivo T1x,"2021, October 20",Available,"128GB 8GB RAM, 256GB 8GB RAM",6/8,Mediatek Dimensity 900 (6 nm),6.58 inches,GSM / CDMA / HSPA / CDMA2000 / LTE / 5G,Yes,,https://www.gsmarena.com/vivo_t1x-11167.php
vivo,vivo V21e 5G,"2021, June 24",Available,"128GB 8GB RAM, 256GB 8GB RAM",8,Mediatek Dimensity 700 (7 nm),6.44 inches,GSM / HSPA / LTE / 5G,Yes,,https://www.gsmarena.com/vivo_v21e_5g-10968.php
vivo,vivo Y52s t1,"2021, May 03",Available,"128GB 8GB RAM, 256GB 8GB RAM",8,Qualcomm SM4350 Snapdragon 480 5G (8 nm),6.58 inches,GSM / CDMA / HSPA / LTE / 5G,Yes,,https://www.gsmarena.com/vivo_y52s_t1-10889.php
vivo,vivo Y53s,"2021, June 09",Available,"128GB 8GB RAM, 256GB 8GB RAM",8,Qualcomm SM4350 Snapdragon 480 5G (8 nm),6.58 inches,GSM / CDMA / HSPA / CDMA2000 / LTE / 5G,Yes,,https://www.gsmarena.com/vivo_y53s-10956.php
vivo,vivo Y70t,"2021, June 03",Available,"128GB 8GB RAM, 256GB 8GB RAM",6/8,Exynos 880 (8 nm),6.53 inches,GSM / CDMA / HSPA / CDMA2000 / LTE / 5G,Yes,,https://www.gsmarena.com/vivo_y70t-10946.php
vivo,vivo Y71t,"2021, October 21",Available,"128GB 8GB RAM, 256GB 8GB RAM",8,Mediatek Dimensity 810 (6 nm),6.44 inches,GSM / CDMA / HSPA / CDMA2000 / LTE / 5G,Yes,,https://www.gsmarena.com/vivo_y71t-11169.php
vivo,vivo Y72 5G,"2021, March 22",Available,128GB 8GB RAM,6/8,Mediatek Dimensity 700 (7 nm),6.58 inches,GSM / HSPA / LTE / 5G,Yes,,https://www.gsmarena.com/vivo_y72_5g-10801.php
vivo,vivo Y74s,"2021, November 22",Available,256GB 8GB RAM,8,Mediatek Dimensity 810 (6 nm),6.58 inches,GSM / CDMA / HSPA / CDMA2000 / LTE / 5G,Yes,,https://www.gsmarena.com/vivo_y74s-11230.php
vivo,vivo Y76 5G,"2021, November 23",Available,"128GB 8GB RAM, 256GB 8GB RAM",6/8,Mediatek Dimensity 700 (7 nm),6.58 inches,GSM / HSPA / LTE / 5G,Yes,,https://www.gsmarena.com/vivo_y76_5g-11231.php
vivo,vivo Y76s,"2021, November 10",Available,"128GB 8GB RAM, 256GB 8GB RAM",8/12,Mediatek Dimensity 810 (6 nm),6.58 inches,GSM / CDMA / HSPA / CDMA2000 / LTE / 5G,Yes,,https://www.gsmarena.com/vivo_y76s-11209.php
vivo,vivo iQOO Neo5 Lite,"2021, March 24",Available,"128GB 8GB RAM, 256GB 8GB RAM",8/12,Qualcomm SM8250-AC Snapdragon 870 5G (7 nm),6.57 inches,GSM / CDMA / HSPA / LTE / 5G,Yes,,https://www.gsmarena.com/vivo_iqoo_neo5_lite-10920.php
vivo,vivo iQOO Neo5 SE,"2021, December 20",Available,"128GB 8GB RAM, 256GB 8GB RAM",8/12,Qualcomm SM8250-AC Snapdragon 870 5G (7 nm),6.67 inches,GSM / CDMA / HSPA / CDMA2000 / LTE / 5G,Yes,,https://www.gsmarena.com/vivo_iqoo_neo5_se-11279.php
vivo,vivo iQOO U3x,"2021, March 19",Available,128GB 8GB RAM,4/6/8,Qualcomm SM4350 Snapdragon 480 5G (8 nm),6.58 inches,GSM / CDMA / HSPA / CDMA2000 / LTE / 5G,Yes,,https://www.gsmarena.com/vivo_iqoo_u3x-10803.php
vivo,vivo iQOO U5,"2021, December 24",Available,128GB 8GB RAM,4/6/8,Qualcomm SM6375 Snapdragon 695 5G (6 nm),6.58 inches,GSM / CDMA / HSPA / CDMA2000 / LTE / 5G,Yes,,https://www.gsmarena.com/vivo_iqoo_u5-11276.php
vivo,vivo iQOO Z3,"2021, March 25",Available,"128GB 8GB RAM, 256GB 8GB RAM",6/8/12,Qualcomm SDM768 Snapdragon 768G 5G (7 nm),6.58 inches,GSM / CDMA / HSPA / CDMA2000 / LTE / 5G,Yes,,https://www.gsmarena.com/vivo_iqoo_z3-10811.php
vivo,vivo iQOO Z5,"2021, September 23",Available,"128GB 8GB RAM, 256GB 8GB RAM",8/12,Qualcomm SM7325 Snapdragon 778G 5G (6 nm),6.67 inches,GSM / CDMA / HSPA / CDMA2000 / LTE / 5G,Yes,,https://www.gsmarena.com/vivo_iqoo_z5-11118.php
vivo,vivo iQOO Z5x,"2021, October 20",Available,"128GB 8GB RAM, 256GB 8GB RAM",6/8,Mediatek Dimensity 900 (6 nm),6.58 inches,GSM / CDMA / HSPA / CDMA2000 / LTE / 5G,Yes,,https://www.gsmarena.com/vivo_iqoo_z5x-11168.php
vivo,vivo NEX 3S 5G,"2020, March 10. Released 2020, March 14",Discontinued,256GB 8GB RAM,8/12,Qualcomm SM8250 Snapdragon 865 5G (7 nm+),6.89 inches,GSM / CDMA / HSPA / EVDO / LTE / 5G,Yes,,https://www.gsmarena.com/vivo_nex_3s_5g-10122.php
vivo,vivo S6 5G,"2020, March 31. Released 2020, April 12",Discontinued,"128GB 8GB RAM, 256GB 8GB RAM",6/8,Exynos 980 (8 nm),6.44 inches,GSM / CDMA / HSPA / LTE / 5G,Yes,,https://www.gsmarena.com/vivo_s6_5g-10151.php
vivo,vivo S7e,"2020, November 04. Released 2020, November 20",Discontinued,"128GB 8GB RAM, 256GB 8GB RAM",8,Mediatek Dimensity 720 (7 nm),6.44 inches,GSM / CDMA / HSPA / LTE / 5G,Yes,,https://www.gsmarena.com/vivo_s7e-10572.php
vivo,vivo X50e,"2020, September 30. Released 2020, October 01",Discontinued,128GB 8GB RAM,8,Qualcomm SM7250 Snapdragon 765G 5G (7 nm),6.44 inches,GSM / HSPA / LTE / 5G,Yes,,https://www.gsmarena.com/vivo_x50e-10479.php
vivo,vivo Y51s,"2020, July 24. Released 2020, July 29",Discontinued,128GB 8GB RAM,6/8,Exynos 880 (8 nm),6.53 inches,GSM / CDMA / HSPA / LTE / 5G,Yes,,https://www.gsmarena.com/vivo_y51s-10330.php
vivo,vivo Y52s,"2020, December 07. Released 2020, December 12",Discontinued,"128GB 8GB RAM, 256GB 8GB RAM",6/8,Mediatek Dimensity 720 (7 nm),6.58 inches,GSM / CDMA / HSPA / LTE / 5G,Yes,,https://www.gsmarena.com/vivo_y52s-10623.php
vivo,vivo Y70s,"2020, May 25. Released 2020, June 01",Discontinued,"128GB 8GB RAM, 256GB 8GB RAM",6/8,Exynos 880 (8 nm),6.53 inches,GSM / CDMA / HSPA / LTE / 5G,Yes,,https://www.gsmarena.com/vivo_y70s-10263.php
vivo,vivo Y73s,"2020, October 12. Released 2020, October 16",Discontinued,"128GB 8GB RAM, 256GB 8GB RAM",6/8,Mediatek Dimensity 720 (7 nm),6.44 inches,GSM / CDMA / HSPA / LTE / 5G,Yes,,https://www.gsmarena.com/vivo_y73s-10504.php
vivo,vivo Z6 5G,"2020, February 28. Released 2020, February 29",Discontinued,128GB 8GB RAM,6/8,Qualcomm SM7250 Snapdragon 765G 5G (7 nm),6.57 inches,GSM / CDMA / HSPA / EVDO / LTE / 5G,Yes,,https://www.gsmarena.com/vivo_z6_5g-10092.php
vivo,vivo iQOO 3 5G,"2020, February 25. Released 2020, March 04",Discontinued,"128GB 8GB RAM, 256GB 8GB RAM",6/8/12,Qualcomm SM8250 Snapdragon 865 5G (7 nm+),6.44 inches,GSM / CDMA / HSPA / LTE / 5G,Yes,,https://www.gsmarena.com/vivo_iqoo_3_5g-10075.php
vivo,vivo iQOO Neo3 5G,"2020, April 23. Released 2020, April 29",Discontinued,"128GB 8GB RAM, 256GB 8GB RAM",6/8/12,Qualcomm SM8250 Snapdragon 865 5G (7 nm+),6.57 inches,GSM / CDMA / HSPA / LTE / 5G,Yes,,https://www.gsmarena.com/vivo_iqoo_neo3_5g-10201.php
vivo,vivo iQOO U3,"2020, December 14. Released 2020, December 18",Discontinued,128GB 8GB RAM,6/8,Mediatek Dimensity 800U (7 nm),6.58 inches,GSM / CDMA / HSPA / LTE / 5G,Yes,,https://www.gsmarena.com/vivo_iqoo_u3-10639.php
vivo,vivo iQOO Z1,"2020, May 19. Released 2020, June 01",Discontinued,"128GB 8GB RAM, 256GB 8GB RAM",6/8/12,Mediatek Dimensity 1000+ (7 nm),6.57 inches,GSM / CDMA / HSPA / LTE / 5G,Yes,,https://www.gsmarena.com/vivo_iqoo_z1-10251.php
vivo,vivo iQOO Z1x,"2020, July 09. Released 2020, July 25",Discontinued,"128GB 8GB RAM, 256GB 8GB RAM",6/8,Qualcomm SM7250 Snapdragon 765G 5G (7 nm),6.57 inches,GSM / CDMA / HSPA / EVDO / LTE / 5G,Yes,,https://www.gsmarena.com/vivo_iqoo_z1x-10311.php
vivo,vivo NEX 3 5G,"2019, September. Released 2019, September",Discontinued,256GB 8GB RAM,8/12,Qualcomm SM8150 Snapdragon 855+ (7 nm),6.89 inches,GSM / CDMA / HSPA / EVDO / LTE / 5G,Yes,,https://www.gsmarena.com/vivo_nex_3_5g-9817.php
vivo,vivo X30,"2019, December. Released 2019, December",Discontinued,"128GB 8GB RAM, 256GB 8GB RAM",8,Exynos 980 (8 nm),6.44 inches,GSM / CDMA / HSPA / LTE / 5G,Yes,,https://www.gsmarena.com/vivo_x30-9997.php
vivo,vivo X30 Pro,"2019, December. Released 2019, December",Discontinued,"128GB 8GB RAM, 256GB 8GB RAM",8,Exynos 980 (8 nm),6.44 inches,GSM / CDMA / HSPA / LTE / 5G,Yes,,https://www.gsmarena.com/vivo_x30_pro-9943.php
vivo,vivo iQOO Pro 5G,"2019, August. Released 2019, September",Discontinued,"128GB 8GB RAM, 256GB 8GB RAM",8/12,Qualcomm SM8150 Snapdragon 855+ (7 nm),6.41 inches,GSM / CDMA / HSPA / LTE / 5G,Yes,,https://www.gsmarena.com/vivo_iqoo_pro_5g-9794.php
Wiko,Wiko T30,"2025, October 15",Available,256GB 8GB RAM,4/8,Mediatek Dimensity 6300 (6 nm),6.75 inches,GSM / CDMA / HSPA / LTE / 5G,Yes,,https://www.gsmarena.com/wiko_t30_5g-14279.php
Xiaomi,Xiaomi Redmi R70,"2026, April 15",Available,256GB 8GB RAM,4/6/8,Unisoc T8300 (6 nm),6.9 inches,GSM / HSPA / LTE / 5G,Yes,,https://www.gsmarena.com/xiaomi_redmi_r70_5g-14598.php
Xiaomi,Xiaomi Redmi R70m,"2026, April 15",Available,256GB 8GB RAM,6/8/12,Unisoc T8300 (6 nm),6.9 inches,GSM / HSPA / LTE / 5G,Yes,,https://www.gsmarena.com/xiaomi_redmi_r70m_5g-14600.php
Xiaomi,Xiaomi Poco C85,"2025, December 09",Available,"128GB 8GB RAM, 256GB 8GB RAM",4/6/8,Mediatek Dimensity 6300 (6 nm),6.9 inches,GSM / HSPA / LTE / 5G,Yes,16899,https://www.gsmarena.com/xiaomi_poco_c85_5g-14337.php
Xiaomi,Xiaomi Poco M7,"2025, March 03",Available,128GB 8GB RAM,6/8,Qualcomm SM4450 Snapdragon 4 Gen 2 (4 nm),6.88 inches,GSM / HSPA / LTE / 5G,Yes,11499,https://www.gsmarena.com/xiaomi_poco_m7_5g-13678.php
Xiaomi,Xiaomi Redmi 15C,"2025, September 18",Available,"128GB 8GB RAM, 256GB 8GB RAM",4/6/8,Mediatek Dimensity 6300 (6 nm),6.9 inches,GSM / HSPA / LTE / 5G,Yes,20999,https://www.gsmarena.com/xiaomi_redmi_15c_5g-14039.php
Xiaomi,Xiaomi Poco M6 Plus,"2024, August 01",Available,128GB 8GB RAM,4/6/8,Qualcomm SM4450 Snapdragon 4 Gen 2 AE (4 nm),6.79 inches,GSM / HSPA / LTE / 5G,Yes,14499,https://www.gsmarena.com/xiaomi_poco_m6_plus-13119.php
Xiaomi,Xiaomi Poco M7 Pro 5G,"2024, December 17",Available,256GB 8GB RAM,6/8/12,Mediatek Dimensity 7025 Ultra (6 nm),6.67 inches,GSM / HSPA / LTE / 5G,Yes,16999,https://www.gsmarena.com/xiaomi_poco_m7_pro_5g-13570.php
Xiaomi,Xiaomi Poco X6,"2024, January 11",Available,256GB 8GB RAM,8/12,Qualcomm SM7435-AB Snapdragon 7s Gen 2 (4 nm),6.67 inches,GSM / HSPA / LTE / 5G,Yes,21999,https://www.gsmarena.com/xiaomi_poco_x6-12723.php
Xiaomi,Xiaomi Poco X6 Neo,"2024, March 13",Available,128GB 8GB RAM,8/12,Mediatek Dimensity 6080 (6 nm),6.67 inches,GSM / HSPA / LTE / 5G,Yes,15999,https://www.gsmarena.com/xiaomi_poco_x6_neo-12863.php
Xiaomi,Xiaomi Redmi 13 5G,"2024, July 09",Available,"128GB 8GB RAM, 256GB 8GB RAM",6/8,Qualcomm SM4450 Snapdragon 4 Gen 2 AE (4 nm),6.79 inches,GSM / HSPA / LTE / 5G,Yes,14499,https://www.gsmarena.com/xiaomi_redmi_13_5g-13157.php
Xiaomi,Xiaomi Redmi 14R,"2024, September 14",Available,"128GB 8GB RAM, 256GB 8GB RAM",4/6/8/12,Qualcomm SM4450 Snapdragon 4 Gen 2 (4 nm),6.88 inches,GSM / CDMA / HSPA / CDMA2000 / LTE / 5G,Yes,,https://www.gsmarena.com/xiaomi_redmi_14r-13338.php
Xiaomi,Xiaomi Redmi Note 13,"2024, January 04",Available,"128GB 8GB RAM, 256GB 8GB RAM",6/8/12,Mediatek Dimensity 6080 (6 nm),6.67 inches,GSM / HSPA / LTE / 5G,Yes,16999,https://www.gsmarena.com/xiaomi_redmi_note_13-12776.php
Xiaomi,Xiaomi Redmi Note 13R,"2024, May 17",Available,"128GB 8GB RAM, 256GB 8GB RAM",6/8/12,Qualcomm SM4450 Snapdragon 4+ Gen 2 (4 nm),6.79 inches,GSM / CDMA / HSPA / EVDO / LTE / 5G,Yes,,https://www.gsmarena.com/xiaomi_redmi_note_13r-13011.php
Xiaomi,Xiaomi Redmi Note 14 5G (India),"2024, December 09",Available,"128GB 8GB RAM, 256GB 8GB RAM",6/8,Mediatek Dimensity 7025 Ultra (6 nm),6.67 inches,GSM / HSPA / LTE / 5G,Yes,16999,https://www.gsmarena.com/xiaomi_redmi_note_14-13559.php
Xiaomi,Xiaomi Poco F5,"2023, May 09",Available,256GB 8GB RAM,8/12,Qualcomm SM7475-AB Snapdragon 7+ Gen 2 (4 nm),6.67 inches,GSM / HSPA / LTE / 5G,Yes,29999,https://www.gsmarena.com/xiaomi_poco_f5-12258.php
Xiaomi,Xiaomi Poco M6,"2023, December 22",Available,256GB 8GB RAM,4/6/8,Mediatek Dimensity 6100+ (6 nm),6.74 inches,GSM / HSPA / LTE / 5G,Yes,13499,https://www.gsmarena.com/xiaomi_poco_m6-12737.php
Xiaomi,Xiaomi Poco M6 Pro,"2023, August 05",Available,256GB 8GB RAM,4/6/8,Qualcomm SM4450 Snapdragon 4 Gen 2 (4 nm),6.79 inches,GSM / HSPA / LTE / 5G,Yes,14999,https://www.gsmarena.com/xiaomi_poco_m6_pro-12452.php
Xiaomi,Xiaomi Poco X5,"2023, February 06",Available,256GB 8GB RAM,6/8,Qualcomm SM6375 Snapdragon 695 5G (6 nm),6.67 inches,GSM / HSPA / LTE / 5G,Yes,,https://www.gsmarena.com/xiaomi_poco_x5-12092.php
Xiaomi,Xiaomi Poco X5 Pro,"2023, February 06",Available,256GB 8GB RAM,6/8,Qualcomm SM7325 Snapdragon 778G 5G (6 nm),6.67 inches,GSM / HSPA / LTE / 5G,Yes,,https://www.gsmarena.com/xiaomi_poco_x5_pro-12094.php
Xiaomi,Xiaomi Redmi 12 5G,"2023, August 01",Available,"128GB 8GB RAM, 256GB 8GB RAM",4/6/8,Qualcomm SM4450 Snapdragon 4 Gen 2 (4 nm),6.79 inches,GSM / HSPA / LTE / 5G,Yes,,https://www.gsmarena.com/xiaomi_redmi_12_5g-12446.php
Xiaomi,Xiaomi Redmi 13C 5G,"2023, December 06",Available,256GB 8GB RAM,4/6/8,Mediatek Dimensity 6100+ (6 nm),6.74 inches,GSM / HSPA / LTE / 5G,Yes,,https://www.gsmarena.com/xiaomi_redmi_13c_5g-12726.php
Xiaomi,Xiaomi Redmi Note 12 Turbo,"2023, March 28",Available,256GB 8GB RAM,8/12/16,Qualcomm SM7475-AB Snapdragon 7+ Gen 2 (4 nm),6.67 inches,GSM / HSPA / CDMA2000 / LTE / 5G,Yes,23900,https://www.gsmarena.com/xiaomi_redmi_note_12_turbo-12181.php
Xiaomi,Xiaomi Redmi Note 12R,"2023, June 28",Available,"128GB 8GB RAM, 256GB 8GB RAM",4/6/8,Qualcomm SM4450 Snapdragon 4 Gen 2 (4 nm),6.79 inches,GSM / CDMA / HSPA / EVDO / LTE / 5G,Yes,18900,https://www.gsmarena.com/xiaomi_redmi_note_12r-12392.php
Xiaomi,Xiaomi Redmi Note 12T Pro,"2023, May 29",Available,"128GB 8GB RAM, 256GB 8GB RAM",8/12,Mediatek Dimensity 8200 Ultra (4 nm),6.6 inches,GSM / CDMA / HSPA / EVDO / LTE / 5G,Yes,,https://www.gsmarena.com/xiaomi_redmi_note_12t_pro-12298.php
Xiaomi,Xiaomi Redmi Note 13 Pro,"2023, September 21",Available,"128GB 8GB RAM, 256GB 8GB RAM",8/12/16,Qualcomm SM7435-AB Snapdragon 7s Gen 2 (4 nm),6.67 inches,GSM / CDMA / HSPA / CDMA2000 / LTE / 5G,Yes,19999,https://www.gsmarena.com/xiaomi_redmi_note_13_pro-12581.php
Xiaomi,Xiaomi 11i,"2022, January 06",Available,"128GB 8GB RAM, 256GB 8GB RAM",6/8,Mediatek Dimensity 920 (6 nm),6.67 inches,GSM / HSPA / LTE / 5G,Yes,18999,https://www.gsmarena.com/xiaomi_11i-11185.php
Xiaomi,Xiaomi 11i HyperCharge 5G,"2022, January 06",Available,"128GB 8GB RAM, 256GB 8GB RAM",6/8,Mediatek Dimensity 920 (6 nm),6.67 inches,GSM / HSPA / LTE / 5G,Yes,,https://www.gsmarena.com/xiaomi_11i_hypercharge_5g-11186.php
Xiaomi,Xiaomi Black Shark 5 RS,"2022, March 30",Available,256GB 8GB RAM,8/12,Qualcomm SM8350 Snapdragon 888/888+ 5G (5 nm),6.67 inches,GSM / CDMA / HSPA / EVDO / LTE / 5G,Yes,,https://www.gsmarena.com/xiaomi_black_shark_5_rs-11455.php
Xiaomi,Xiaomi Poco X4 GT,"2022, June 23",Available,"128GB 8GB RAM, 256GB 8GB RAM",8,Mediatek Dimensity 8100 (5 nm),6.6 inches,GSM / HSPA / LTE / 5G,Yes,,https://www.gsmarena.com/xiaomi_poco_x4_gt-11626.php
Xiaomi,Xiaomi Poco X4 Pro 5G,"2022, February 28",Available,"128GB 8GB RAM, 256GB 8GB RAM",6/8,Qualcomm SM6375 Snapdragon 695 5G (6 nm),6.67 inches,GSM / HSPA / LTE / 5G,Yes,25999,https://www.gsmarena.com/xiaomi_poco_x4_pro_5g-11371.php
Xiaomi,Xiaomi Redmi K50i,"2022, July 20",Available,"128GB 8GB RAM, 256GB 8GB RAM",6/8,Mediatek Dimensity 8100 (5 nm),6.6 inches,GSM / HSPA / LTE / 5G,Yes,24499,https://www.gsmarena.com/xiaomi_redmi_k50i-11653.php
Xiaomi,Xiaomi Redmi Note 11 Pro 5G,"2022, January 26",Available,128GB 8GB RAM,4/6/8,Qualcomm SM6375 Snapdragon 695 5G (6 nm),6.67 inches,GSM / HSPA / LTE / 5G,Yes,16999,https://www.gsmarena.com/xiaomi_redmi_note_11_pro_5g-11333.php
Xiaomi,Xiaomi Redmi Note 11E Pro,"2022, March 02",Available,"128GB 8GB RAM, 256GB 8GB RAM",6/8,Qualcomm SM6375 Snapdragon 695 5G (6 nm),6.67 inches,GSM / CDMA / HSPA / CDMA2000 / LTE / 5G,Yes,,https://www.gsmarena.com/xiaomi_redmi_note_11e_pro-11395.php
Xiaomi,Xiaomi Redmi Note 11R,"2022, September 30",Available,128GB 8GB RAM,4/6/8,Mediatek Dimensity 700 (7 nm),6.58 inches,GSM / CDMA / HSPA / LTE / 5G,Yes,,https://www.gsmarena.com/xiaomi_redmi_note_11r-11904.php
Xiaomi,Xiaomi Redmi Note 11S 5G,"2022, March 29",Available,128GB 8GB RAM,4/6/8,Mediatek Dimensity 810 (6 nm),6.6 inches,GSM / HSPA / LTE / 5G,Yes,,https://www.gsmarena.com/xiaomi_redmi_note_11s_5g-11419.php
Xiaomi,Xiaomi Redmi Note 11SE,"2022, May 24",Available,128GB 8GB RAM,4/8,Mediatek Dimensity 700 (7 nm),6.5 inches,GSM / CDMA / HSPA / EVDO / LTE / 5G,Yes,,https://www.gsmarena.com/xiaomi_redmi_note_11se-11551.php
Xiaomi,Xiaomi Redmi Note 11T Pro,"2022, May 24",Available,"128GB 8GB RAM, 256GB 8GB RAM, 512GB 8GB RAM",6/8/12,Mediatek Dimensity 8100 (5 nm),6.6 inches,GSM / CDMA / HSPA / EVDO / LTE / 5G,Yes,20499,https://www.gsmarena.com/xiaomi_redmi_note_11t_pro-11550.php
Xiaomi,Xiaomi Redmi Note 12,"2022, October 27",Available,256GB 8GB RAM,4/6/8,Qualcomm SM4375 Snapdragon 4 Gen 1 (6 nm),6.67 inches,GSM / HSPA / LTE / 5G,Yes,,https://www.gsmarena.com/xiaomi_redmi_note_12-12063.php
Xiaomi,Xiaomi Redmi Note 12 Discovery,"2022, October 27",Available,256GB 8GB RAM,8,Mediatek Dimensity 1080 (6 nm),6.67 inches,GSM / CDMA / HSPA / EVDO / LTE / 5G,Yes,,https://www.gsmarena.com/xiaomi_redmi_note_12_discovery-11953.php
Xiaomi,Xiaomi Redmi Note 12 Pro,"2022, October 27",Available,"128GB 8GB RAM, 256GB 8GB RAM",6/8/12,Mediatek Dimensity 1080 (6 nm),6.67 inches,GSM / CDMA / HSPA / EVDO / LTE / 5G,Yes,22499,https://www.gsmarena.com/xiaomi_redmi_note_12_pro-11955.php
Xiaomi,Xiaomi Redmi Note 12 Pro Speed,"2022, December 27",Available,256GB 8GB RAM,6/8/12,Qualcomm SM7325 Snapdragon 778G 5G (6 nm),6.67 inches,GSM / CDMA / HSPA / CDMA2000 / LTE / 5G,Yes,,https://www.gsmarena.com/xiaomi_redmi_note_12_pro_speed-12045.php
Xiaomi,Xiaomi Black Shark 4,"2021, March 23",Available,"128GB 8GB RAM, 256GB 8GB RAM",6/8/12,Qualcomm SM8250-AC Snapdragon 870 5G (7 nm),6.67 inches,GSM / CDMA / HSPA / EVDO / LTE / 5G,Yes,,https://www.gsmarena.com/xiaomi_black_shark_4-10714.php
Xiaomi,Xiaomi Black Shark 4 Pro,"2021, March 23",Available,"128GB 8GB RAM, 256GB 8GB RAM",8/12/16,Qualcomm SM8350 Snapdragon 888 5G (5 nm),6.67 inches,GSM / CDMA / HSPA / EVDO / LTE / 5G,Yes,,https://www.gsmarena.com/xiaomi_black_shark_4_pro-10805.php
Xiaomi,Xiaomi Black Shark 4S,"2021, October 13",Available,128GB 8GB RAM,8/12,Qualcomm SM8250-AC Snapdragon 870 5G (7 nm),6.67 inches,GSM / CDMA / HSPA / EVDO / LTE / 5G,Yes,,https://www.gsmarena.com/xiaomi_black_shark_4s-11153.php
Xiaomi,Xiaomi Black Shark 4S Pro,"2021, October 13",Available,256GB 8GB RAM,8/12/16,Qualcomm SM8350 Snapdragon 888+ 5G (5 nm),6.67 inches,GSM / CDMA / HSPA / EVDO / LTE / 5G,Yes,,https://www.gsmarena.com/xiaomi_black_shark_4s_pro-11152.php
Xiaomi,Xiaomi Mi 10i 5G,"2021, January 05",Available,128GB 8GB RAM,6/8,Qualcomm SM7225 Snapdragon 750G 5G (8 nm),6.67 inches,GSM / HSPA / LTE / 5G,Yes,,https://www.gsmarena.com/xiaomi_mi_10i_5g-10615.php
Xiaomi,Xiaomi Poco M4 Pro 5G,"2021, November 09",Available,"128GB 8GB RAM, 256GB 8GB RAM",4/6/8,Mediatek Dimensity 810 (6 nm),6.6 inches,GSM / HSPA / LTE / 5G,Yes,,https://www.gsmarena.com/xiaomi_poco_m4_pro_5g-11193.php
Xiaomi,Xiaomi Redmi Note 10 5G,"2021, March 04",Available,"128GB 8GB RAM, 256GB 8GB RAM",4/6/8,Mediatek Dimensity 700 (7 nm),6.5 inches,GSM / HSPA / LTE / 5G,Yes,,https://www.gsmarena.com/xiaomi_redmi_note_10_5g-10768.php
Xiaomi,Xiaomi Redmi Note 11T 5G,"2021, November 30",Available,128GB 8GB RAM,4/6/8,Mediatek Dimensity 810 (6 nm),6.6 inches,GSM / HSPA / LTE / 5G,Yes,,https://www.gsmarena.com/xiaomi_redmi_note_11t_5g-11217.php
Xiaomi,Xiaomi Black Shark 3,"2020, March 03. Released 2020, March 06",Discontinued,128GB 8GB RAM,8/12,Qualcomm SM8250 Snapdragon 865 5G (7 nm+),6.67 inches,GSM / CDMA / HSPA / EVDO / LTE / 5G,Yes,,https://www.gsmarena.com/xiaomi_black_shark_3-10110.php
Xiaomi,Xiaomi Black Shark 3 Pro,"2020, March 03. Released 2020, March 17",Discontinued,256GB 8GB RAM,8/12,Qualcomm SM8250 Snapdragon 865 5G (7 nm+),7.1 inches,GSM / CDMA / HSPA / EVDO / LTE / 5G,Yes,,https://www.gsmarena.com/xiaomi_black_shark_3_pro-10109.php
Xiaomi,Xiaomi Mi 10 Lite 5G,"2020, March 27. Released 2020, May 25",Discontinued,256GB 8GB RAM,6/8,Qualcomm SM7250 Snapdragon 765G 5G (7 nm),6.57 inches,GSM / HSPA / LTE / 5G,Yes,,https://www.gsmarena.com/xiaomi_mi_10_lite_5g-10159.php
Xiaomi,Xiaomi Mi 10 Youth 5G,"2020, April 27. Released 2020, May 04",Discontinued,"128GB 8GB RAM, 256GB 8GB RAM",6/8,Qualcomm SM7250 Snapdragon 765G 5G (7 nm),6.57 inches,GSM / CDMA / HSPA / EVDO / LTE / 5G,Yes,,https://www.gsmarena.com/xiaomi_mi_10_youth_5g-10207.php
Xiaomi,Xiaomi Poco F2 Pro,"2020, May 12",Available,256GB 8GB RAM,6/8,Qualcomm SM8250 Snapdragon 865 5G (7 nm+),6.67 inches,GSM / HSPA / LTE / 5G,Yes,,https://www.gsmarena.com/xiaomi_poco_f2_pro-10220.php
Xiaomi,Xiaomi Redmi 10X 5G,"2020, May 26",Available,"128GB 8GB RAM, 256GB 8GB RAM",6/8,Mediatek Dimensity 820 (7 nm),6.57 inches,GSM / CDMA / HSPA / LTE / 5G,Yes,,https://www.gsmarena.com/xiaomi_redmi_10x_5g-10266.php
Xiaomi,Xiaomi Redmi 10X Pro 5G,"2020, May 26",Available,"128GB 8GB RAM, 256GB 8GB RAM",8,Mediatek Dimensity 820 (7 nm),6.57 inches,GSM / CDMA / HSPA / LTE / 5G,Yes,,https://www.gsmarena.com/xiaomi_redmi_10x_pro_5g-10267.php
Xiaomi,Xiaomi Redmi K30 Pro,"2020, March 24. Released 2020, March 27",Discontinued,"128GB 8GB RAM, 256GB 8GB RAM",6/8/12,Qualcomm SM8250 Snapdragon 865 5G (7 nm+),6.67 inches,GSM / CDMA / HSPA / EVDO / LTE / 5G,Yes,,https://www.gsmarena.com/xiaomi_redmi_k30_pro-10140.php
Xiaomi,Xiaomi Redmi K30 Pro Zoom,"2020, March 24. Released 2020, April 04",Discontinued,"128GB 8GB RAM, 256GB 8GB RAM",8/12,Qualcomm SM8250 Snapdragon 865 5G (7 nm+),6.67 inches,GSM / CDMA / HSPA / EVDO / LTE / 5G,Yes,,https://www.gsmarena.com/xiaomi_redmi_k30_pro_zoom-10150.php
Xiaomi,Xiaomi Redmi K30i 5G,"2020, May 25. Released 2020, June 07",Discontinued,"128GB 8GB RAM, 256GB 8GB RAM",6/8,Qualcomm SM7250 Snapdragon 765G 5G (7 nm),6.67 inches,GSM / HSPA / LTE / 5G,Yes,,https://www.gsmarena.com/xiaomi_redmi_k30i_5g-10200.php
Xiaomi,Xiaomi Redmi Note 9 5G,"2020, November 26",Available,"128GB 8GB RAM, 256GB 8GB RAM",4/6/8,Mediatek Dimensity 800U (7 nm),6.53 inches,GSM / CDMA / HSPA / EVDO / LTE / 5G,Yes,,https://www.gsmarena.com/xiaomi_redmi_note_9_5g-10581.php
Xiaomi,Xiaomi Redmi Note 9 Pro 5G,"2020, November 26",Available,"128GB 8GB RAM, 256GB 8GB RAM",6/8,Qualcomm SM7225 Snapdragon 750G 5G (8 nm),6.67 inches,GSM / CDMA / HSPA / EVDO / LTE / 5G,Yes,,https://www.gsmarena.com/xiaomi_redmi_note_9_pro_5g-10582.php
Xiaomi,Xiaomi Redmi K30 5G,"2019, December 10. Released 2020, January 07",Discontinued,"128GB 8GB RAM, 256GB 8GB RAM",6/8,Qualcomm SM7250 Snapdragon 765G 5G (7 nm),6.67 inches,GSM / HSPA / LTE / 5G,Yes,,https://www.gsmarena.com/xiaomi_redmi_k30_5g-9979.php
ZTE,ZTE nubia Neo 5,"2026, March 03",Available,256GB 8GB RAM,8,Unisoc T9300 (6 nm),6.8 inches,GSM / HSPA / LTE / 5G,Yes,,https://www.gsmarena.com/zte_nubia_neo_5_5g-14595.php
ZTE,ZTE nubia Focus,"2024, February 28",Available,256GB 8GB RAM,4/6/8/12,Unisoc T760 (6 nm),6.56 inches,GSM / HSPA / LTE / 5G,Yes,,https://www.gsmarena.com/zte_nubia_focus-12849.php
ZTE,ZTE V70,"2023, June 05",Available,256GB 8GB RAM,8,Mediatek Dimensity 810 (6 nm),6.67 inches,GSM / HSPA / LTE / 5G,Yes,,https://www.gsmarena.com/zte_v70-12341.php
ZTE,ZTE nubia Neo,"2023, June",Available,256GB 8GB RAM,8,Unisoc T820 (6 nm),6.6 inches,GSM / HSPA / LTE / 5G,Yes,,https://www.gsmarena.com/zte_nubia_neo-12435.php
ZTE,ZTE nubia RedMagic 8S Pro,"2023, June 05",Available,"128GB 8GB RAM, 256GB 8GB RAM",8/12/16,Qualcomm SM8550-AC Snapdragon 8 Gen 2 (4 nm),6.8 inches,GSM / CDMA / HSPA / EVDO / LTE / 5G,Yes,,https://www.gsmarena.com/zte_nubia_red_magic_8s_pro-12398.php
ZTE,ZTE nubia RedMagic 9 Pro,"2023, November 23",Available,256GB 8GB RAM,8/12/16,Qualcomm SM8650-AB Snapdragon 8 Gen 3 (4 nm),6.8 inches,GSM / CDMA / HSPA / CDMA2000 / LTE / 5G,Yes,,https://www.gsmarena.com/zte_nubia_red_magic_9_pro-12709.php
ZTE,ZTE nubia RedMagic 7,"2022, February 17",Available,"128GB 8GB RAM, 256GB 18GB RAM",8/12/16/18,Qualcomm SM8450 Snapdragon 8 Gen 1 (4 nm),6.8 inches,GSM / CDMA / HSPA / EVDO / LTE / 5G,Yes,,https://www.gsmarena.com/zte_nubia_red_magic_7-11363.php
ZTE,ZTE nubia RedMagic 7 Pro,"2022, February 17",Available,"128GB 8GB RAM, 512GB 18GB RAM",8/12/16/18,Qualcomm SM8450 Snapdragon 8 Gen 1 (4 nm),6.8 inches,GSM / CDMA / HSPA / EVDO / LTE / 5G,Yes,,https://www.gsmarena.com/zte_nubia_red_magic_7_pro-11364.php
ZTE,ZTE nubia RedMagic 7S,"2022, July 11",Available,128GB 8GB RAM,8/12/16,Qualcomm SM8475 Snapdragon 8+ Gen 1 (4 nm),6.8 inches,GSM / CDMA / HSPA / EVDO / LTE / 5G,Yes,,https://www.gsmarena.com/zte_nubia_red_magic_7s-11664.php
ZTE,ZTE nubia RedMagic 8 Pro,"2022, December 26",Available,"128GB 8GB RAM, 256GB 8GB RAM",8/12/16,Qualcomm SM8550-AB Snapdragon 8 Gen 2 (4 nm),6.8 inches,GSM / CDMA / HSPA / EVDO / LTE / 5G,Yes,,https://www.gsmarena.com/zte_nubia_red_magic_8_pro-12015.php
ZTE,ZTE S30,"2021, March 31",Available,"128GB 8GB RAM, 256GB 8GB RAM",8,Qualcomm SM7125 Snapdragon 720G (8 nm),6.67 inches,GSM / HSPA / LTE / 5G,Yes,,https://www.gsmarena.com/zte_s30-10820.php
ZTE,ZTE nubia RedMagic 6,"2021, March 04",Available,128GB 8GB RAM,8/12,Qualcomm SM8350 Snapdragon 888 5G (5 nm),6.8 inches,GSM / CDMA / HSPA / EVDO / LTE / 5G,Yes,,https://www.gsmarena.com/zte_nubia_red_magic_6-10773.php
ZTE,ZTE nubia RedMagic 5G,"2020, March 12. Released 2020, March 19",Discontinued,128GB 8GB RAM,8/12/16,Qualcomm SM8250 Snapdragon 865 5G (7 nm+),6.65 inches,GSM / CDMA / HSPA / EVDO / LTE / 5G,Yes,,https://www.gsmarena.com/zte_nubia_red_magic_5g-10071.php
ZTE,ZTE nubia RedMagic 5S,"2020, July 28. Released 2020, August 01",Discontinued,128GB 8GB RAM,8/12/16,Qualcomm SM8250 Snapdragon 865 5G (7 nm+),6.65 inches,GSM / CDMA / HSPA / EVDO / LTE / 5G,Yes,,https://www.gsmarena.com/zte_nubia_red_magic_5s-10339.php
